user_id,sample_interval_min,interpolation_method,tolerance_km,predictability_direct_ctw,predictability_markov_order_1,predictability_markov_order_2,predictability_vq_ctw_K1024,predictability_vq_ctw_K256,predictability_vq_ctw_K512,entropy_rate_bits_direct_ctw,entropy_rate_bits_markov_order_1,entropy_rate_bits_markov_order_2,entropy_rate_bits_vq_ctw_K1024,entropy_rate_bits_vq_ctw_K256,entropy_rate_bits_vq_ctw_K512
abboip,5,nearest,7.5,0.9999999999996584,0.9999999999996584,0.9999999999996584,1.0,1.0,1.0,0.05076366680163196,0.036947393582350364,0.02939376061703256,0.0,0.0,0.0
abdrem,5,nearest,7.5,1.0,1.0,1.0,1.0,1.0,1.0,0.0,0.0,0.0,0.0,0.0,0.0
abgibo,5,nearest,7.5,0.981240460221385,0.9572602058763797,0.9525235589473456,1.0,1.0,1.0,0.3032434382253187,0.4442813859107868,0.47476727557349135,0.0,0.0,0.0
abjool,5,nearest,7.5,1.0,1.0,1.0,1.0,1.0,1.0,0.0,0.0,0.0,0.0,0.0,0.0
abmuya,5,nearest,7.5,1.0,1.0,1.0,1.0,1.0,1.0,0.0,0.0,0.0,0.0,0.0,0.0
abniar,5,nearest,7.5,0.9999999999990333,0.9999999999990333,0.9999999999990333,1.0,1.0,1.0,0.16549632331528236,0.20827081328542368,0.20732381947677367,0.0,0.0,0.0
abnovk,5,nearest,7.5,0.9999999999993889,0.9999999999993889,0.9999999999993889,1.0,1.0,1.0,0.10825403919145506,0.11864256480663381,0.13370571445054996,0.0,0.0,0.0
abtyff,5,nearest,7.5,1.0,1.0,1.0,1.0,1.0,1.0,0.0,0.0,0.0,0.0,0.0,0.0
abwecn,5,nearest,7.5,0.9999999999995697,0.9999999999995697,0.9999999999995697,1.0,1.0,1.0,0.12757375283043146,0.17483656779903753,0.14569972186694607,0.0,0.0,0.0
abyalw,5,nearest,7.5,1.0,1.0,1.0,1.0,1.0,1.0,0.0,0.0,0.0,0.0,0.0,0.0
acdiyi,5,nearest,7.5,1.0,1.0,1.0,1.0,1.0,1.0,0.0,0.0,0.0,0.0,0.0,0.0
acduou,5,nearest,7.5,0.9999999999994635,0.9999999999994635,0.9999999999994635,1.0,1.0,1.0,0.12672896391103178,0.14288250142254333,0.14625190882780004,0.0,0.0,0.0
acgerl,5,nearest,7.5,0.9999999999980906,0.9999999999980906,0.9999999999980906,1.0,1.0,1.0,0.3287114832380569,0.41133485623871174,0.4094645434666278,0.0,0.0,0.0
acitva,5,nearest,7.5,1.0,1.0,1.0,1.0,1.0,1.0,0.0,0.0,0.0,0.0,0.0,0.0
acpegh,5,nearest,7.5,0.9999999999998833,0.9999999999998833,0.9999999999998833,1.0,1.0,1.0,0.02102629191274116,0.025320939812399475,0.02846481226808238,0.0,0.0,0.0
acvebr,5,nearest,7.5,0.9999999999989762,0.9999999999989762,0.9999999999989762,1.0,1.0,1.0,0.1775858259945065,0.18409478521053022,0.16526691710085034,0.0,0.0,0.0
adkavy,5,nearest,7.5,1.0,1.0,1.0,1.0,1.0,1.0,0.0,0.0,0.0,0.0,0.0,0.0
adners,5,nearest,7.5,1.0,1.0,1.0,1.0,1.0,1.0,0.0,0.0,0.0,0.0,0.0,0.0
adpaif,5,nearest,7.5,0.9999999999991485,0.9999999999991485,0.9999999999991485,1.0,1.0,1.0,0.2389437380981557,0.27414727294100955,0.25177353354921284,0.0,0.0,0.0
aducri,5,nearest,7.5,1.0,1.0,1.0,1.0,1.0,1.0,0.0,0.0,0.0,0.0,0.0,0.0
afmorc,5,nearest,7.5,0.986304126590789,0.9860246194071312,0.983840921302872,1.0,1.0,1.0,0.0784593801001887,0.0796317808372253,0.08849459717315787,0.0,0.0,0.0
afpans,5,nearest,7.5,1.0,1.0,1.0,1.0,1.0,1.0,0.0,0.0,0.0,0.0,0.0,0.0
afsfat,5,nearest,7.5,0.9999999999992362,0.9999999999992362,0.9999999999992362,1.0,1.0,1.0,0.18827146727548733,0.22534321909503116,0.24975053831026464,0.0,0.0,0.0
afweka,5,nearest,7.5,1.0,1.0,1.0,1.0,1.0,1.0,0.0,0.0,0.0,0.0,0.0,0.0
agcowk,5,nearest,7.5,0.9999999999994298,0.9999999999994298,0.9999999999994298,1.0,1.0,1.0,0.0874358945274606,0.10582103750826757,0.1075206683298612,0.0,0.0,0.0
agdrea,5,nearest,7.5,0.9999999999985832,0.9999999999985832,0.9999999999985832,1.0,1.0,1.0,0.17970784348062785,0.1764587137505035,0.16831467035573575,0.0,0.0,0.0
aggjuo,5,nearest,7.5,0.9999999999996818,0.9999999999996818,0.9999999999996818,1.0,1.0,1.0,0.06737055183276539,0.07855547616772333,0.08657486490629378,0.0,0.0,0.0
agivle,5,nearest,7.5,0.9999999999995537,0.9999999999995537,0.9999999999995537,1.0,1.0,1.0,0.08263163913914488,0.10472004357849121,0.1043063273481005,0.0,0.0,0.0
agjitf,5,nearest,7.5,0.9999999999996119,0.9999999999996119,0.9999999999996119,1.0,1.0,1.0,0.054903961932804723,0.06962323022088578,0.06916654358474306,0.0,0.0,0.0
agsuec,5,nearest,7.5,1.0,1.0,1.0,1.0,1.0,1.0,0.0,0.0,0.0,0.0,0.0,0.0
agvexp,5,nearest,7.5,0.9999999999980905,0.9999999999980905,0.9999999999980905,1.0,1.0,1.0,0.33964418678055547,0.4288222235042776,0.4270160891420364,0.0,0.0,0.0
aichas,5,nearest,7.5,1.0,1.0,1.0,1.0,1.0,1.0,0.0,0.0,0.0,0.0,0.0,0.0
ailbcu,5,nearest,7.5,0.9999999999995346,0.9999999999995346,0.9999999999995346,1.0,1.0,1.0,0.05868660865437223,0.07380756770082281,0.07321126467722669,0.0,0.0,0.0
aimidd,5,nearest,7.5,1.0,1.0,1.0,1.0,1.0,1.0,0.0,0.0,0.0,0.0,0.0,0.0
ainpli,5,nearest,7.5,0.9999999999992286,0.9999999999992286,0.9999999999992286,1.0,1.0,1.0,0.1250818543735801,0.124089049771165,0.12352197113282097,0.0,0.0,0.0
aitpyg,5,nearest,7.5,0.9999999999995227,0.9999999999995227,0.9999999999995227,1.0,1.0,1.0,0.08515126136273078,0.10465291025221876,0.10666320610694534,0.0,0.0,0.0
aivtyt,5,nearest,7.5,0.999999999999605,0.999999999999605,0.999999999999605,1.0,1.0,1.0,0.07313374958292133,0.09268325696027382,0.0923170943195832,0.0,0.0,0.0
ajixdo,5,nearest,7.5,0.9999999999993855,0.9999999999993855,0.9999999999993855,1.0,1.0,1.0,0.10235751688854032,0.11002375934831701,0.11453656314355161,0.0,0.0,0.0
ajsips,5,nearest,7.5,0.9999999999998525,0.9999999999998525,0.9999999999998525,1.0,1.0,1.0,0.024547821732856245,0.023755745672161908,0.02559630423618782,0.0,0.0,0.0
ajsned,5,nearest,7.5,0.9999999999995357,0.9999999999995357,0.9999999999995357,1.0,1.0,1.0,0.18434873828842338,0.21956904927205353,0.2046172117142489,0.0,0.0,0.0
ajthof,5,nearest,7.5,1.0,1.0,1.0,1.0,1.0,1.0,0.0,0.0,0.0,0.0,0.0,0.0
akgicj,5,nearest,7.5,0.9999999999986582,0.9999999999986582,0.9999999999986582,1.0,1.0,1.0,0.21376804715916864,0.24175049541825747,0.23741191417292923,0.0,0.0,0.0
akvutv,5,nearest,7.5,0.9999999999995437,0.9999999999995437,0.9999999999995437,1.0,1.0,1.0,0.07203678679203894,0.08497985367985808,0.08862115275779871,0.0,0.0,0.0
akyeer,5,nearest,7.5,0.9999999999996049,0.9999999999996049,0.9999999999996049,1.0,1.0,1.0,0.059281832608555615,0.07329942388265724,0.0728484949182637,0.0,0.0,0.0
aldhid,5,nearest,7.5,1.0,1.0,1.0,1.0,1.0,1.0,0.0,0.0,0.0,0.0,0.0,0.0
alnihi,5,nearest,7.5,1.0,1.0,1.0,1.0,1.0,1.0,0.0,0.0,0.0,0.0,0.0,0.0
alshet,5,nearest,7.5,0.9999999999990544,0.9999999999990544,0.9999999999990544,1.0,1.0,1.0,0.14109448162402394,0.15607258270840593,0.16131942232378857,0.0,0.0,0.0
amciuc,5,nearest,7.5,0.9999999999989833,0.9999999999989833,0.9999999999989833,1.0,1.0,1.0,0.18091763043663936,0.22330069616042836,0.23162247472410555,0.0,0.0,0.0
amknyw,5,nearest,7.5,0.9999999999993281,0.9999999999993281,0.9999999999993281,1.0,1.0,1.0,0.10401012899279492,0.12510922902867994,0.14043854722427532,0.0,0.0,0.0
amvefa,5,nearest,7.5,0.9999999999993889,0.9999999999993889,0.9999999999993889,1.0,1.0,1.0,0.16733294243338073,0.2286907127487091,0.21303542843956003,0.0,0.0,0.0
amwibs,5,nearest,7.5,1.0,1.0,1.0,1.0,1.0,1.0,0.0,0.0,0.0,0.0,0.0,0.0
ancedv,5,nearest,7.5,1.0,1.0,1.0,1.0,1.0,1.0,0.0,0.0,0.0,0.0,0.0,0.0
ancycl,5,nearest,7.5,0.9642824558255256,0.9385328008151366,0.9347109938839162,1.0,1.0,1.0,0.19137371573868556,0.2767132235300914,0.3075507634295558,0.0,0.0,0.0
andyol,5,nearest,7.5,0.9999999999988748,0.9999999999988748,0.9999999999988748,1.0,1.0,1.0,0.2092322629667512,0.25836991465446074,0.2636615923680906,0.0,0.0,0.0
aniajc,5,nearest,7.5,0.9999999999996975,0.9999999999996975,0.9999999999996975,1.0,1.0,1.0,0.0687405348592094,0.08501154682485337,0.09190604984065187,0.0,0.0,0.0
anidgi,5,nearest,7.5,0.9956184450605898,0.9940349542329143,0.9949693102377248,1.0,1.0,1.0,0.09395509085515619,0.11783207261730846,0.11613205168964934,0.0,0.0,0.0
ankped,5,nearest,7.5,0.9826560624697671,0.9600017995357771,0.9708658411391327,1.0,1.0,1.0,0.25336128707459615,0.3773658867294008,0.3472311283289912,0.0,0.0,0.0
ansyut,5,nearest,7.5,0.999999999999127,0.999999999999127,0.999999999999127,1.0,1.0,1.0,0.178193640989591,0.2250453676256803,0.20975009169635414,0.0,0.0,0.0
anucks,5,nearest,7.5,0.9999999999993635,0.9999999999993635,0.9999999999993635,1.0,1.0,1.0,0.19278738171570967,0.238219492446572,0.2471427872755287,0.0,0.0,0.0
anupwr,5,nearest,7.5,1.0,1.0,1.0,1.0,1.0,1.0,0.0,0.0,0.0,0.0,0.0,0.0
apigcy,5,nearest,7.5,0.9999999999991647,0.9999999999991647,0.9999999999991647,1.0,1.0,1.0,0.14850175926855347,0.18212785535735387,0.1481487623514749,0.0,0.0,0.0
appsri,5,nearest,7.5,0.9999999999980905,0.9999999999980905,0.9999999999980905,1.0,1.0,1.0,0.34162367822949624,0.40595656759815346,0.42637597328134225,0.0,0.0,0.0
apssky,5,nearest,7.5,0.9999999999997412,0.9999999999997412,0.9999999999997412,1.0,1.0,1.0,0.0339138333512603,0.040124235962878986,0.044634351749327394,0.0,0.0,0.0
aquawa,5,nearest,7.5,0.9999999999996428,0.9999999999996428,0.9999999999996428,1.0,1.0,1.0,0.04072388186641541,0.04759858411855927,0.05259196081890881,0.0,0.0,0.0
arcksy,5,nearest,7.5,1.0,1.0,1.0,1.0,1.0,1.0,0.0,0.0,0.0,0.0,0.0,0.0
arcuim,5,nearest,7.5,0.9999999999992295,0.9999999999992295,0.9999999999992295,1.0,1.0,1.0,0.11180172304264753,0.13576045953697233,0.13758204851934172,0.0,0.0,0.0
arcurb,5,nearest,7.5,1.0,1.0,1.0,1.0,1.0,1.0,0.0,0.0,0.0,0.0,0.0,0.0
arhilb,5,nearest,7.5,0.9999999999991038,0.9999999999991038,0.9999999999991038,1.0,1.0,1.0,0.17419130327617557,0.21032830439962236,0.2152882732491745,0.0,0.0,0.0
arlwra,5,nearest,7.5,1.0,1.0,1.0,1.0,1.0,1.0,0.0,0.0,0.0,0.0,0.0,0.0
arphau,5,nearest,7.5,0.9939905316401612,0.9884033253163593,0.988631922162236,1.0,1.0,1.0,0.1485682981158737,0.19219619337864463,0.1925303282154386,0.0,0.0,0.0
artgag,5,nearest,7.5,0.9999999999994131,0.9999999999994131,0.9999999999994131,1.0,1.0,1.0,0.1282077621571485,0.14977984349981682,0.1581380081796301,0.0,0.0,0.0
ascley,5,nearest,7.5,0.9999999999989568,0.9999999999989568,0.9999999999989568,1.0,1.0,1.0,0.18784557073818123,0.23047231634873705,0.2045404915141747,0.0,0.0,0.0
ashgat,5,nearest,7.5,1.0,1.0,1.0,1.0,1.0,1.0,0.0,0.0,0.0,0.0,0.0,0.0
asigno,5,nearest,7.5,0.9999999999996985,0.9999999999996985,0.9999999999996985,1.0,1.0,1.0,0.0504490284955484,0.05806251636052728,0.06339652329188301,0.0,0.0,0.0
askmec,5,nearest,7.5,0.962766339002488,0.9398883542367689,0.9320688954978553,1.0,1.0,1.0,0.3477511678816821,0.46609368956074404,0.5048939339458846,0.0,0.0,0.0
aswift,5,nearest,7.5,1.0,1.0,1.0,1.0,1.0,1.0,0.0,0.0,0.0,0.0,0.0,0.0
atcila,5,nearest,7.5,0.9999999999995031,0.9999999999995031,0.9999999999995031,1.0,1.0,1.0,0.06824601627117496,0.047997333864809595,0.03799797323428744,0.0,0.0,0.0
atfrav,5,nearest,7.5,1.0,1.0,1.0,1.0,1.0,1.0,0.0,0.0,0.0,0.0,0.0,0.0
atfrim,5,nearest,7.5,0.9999999999986172,0.9999999999986172,0.9999999999986172,1.0,1.0,1.0,0.20164367866267702,0.2370642483631765,0.24653737335904177,0.0,0.0,0.0
atidfi,5,nearest,7.5,0.9908034715024279,0.9830777692769662,0.9861655806544074,1.0,1.0,1.0,0.10179733906238005,0.14545672576042246,0.13369801283556515,0.0,0.0,0.0
atnokv,5,nearest,7.5,1.0,1.0,1.0,1.0,1.0,1.0,0.0,0.0,0.0,0.0,0.0,0.0
atzumb,5,nearest,7.5,0.9999999999995092,0.9999999999995092,0.9999999999995092,1.0,1.0,1.0,0.13695228970783335,0.14194741197808194,0.11821553374846461,0.0,0.0,0.0
aucjun,5,nearest,7.5,1.0,1.0,1.0,1.0,1.0,1.0,0.0,0.0,0.0,0.0,0.0,0.0
auctji,5,nearest,7.5,0.999999999999313,0.999999999999313,0.999999999999313,1.0,1.0,1.0,0.09993065511388106,0.10715149099575519,0.11277795518011904,0.0,0.0,0.0
aurjye,5,nearest,7.5,0.9999999999993889,0.9999999999993889,0.9999999999993889,1.0,1.0,1.0,0.18296750243640453,0.24826792627463337,0.20689360505106347,0.0,0.0,0.0
avdyab,5,nearest,7.5,0.9999999999995226,0.9999999999995226,0.9999999999995226,1.0,1.0,1.0,0.07408274981826372,0.08889339957300943,0.09978528355409035,0.0,0.0,0.0
avglyb,5,nearest,7.5,1.0,1.0,1.0,1.0,1.0,1.0,0.0,0.0,0.0,0.0,0.0,0.0
aviltl,5,nearest,7.5,0.9579918239319322,0.9303156955778271,0.9268686151087593,1.0,1.0,1.0,0.3882563697393215,0.4668544846107414,0.4925810503956415,0.0,0.0,0.0
avpavi,5,nearest,7.5,0.9999999999997153,0.9999999999997153,0.9999999999997153,1.0,1.0,1.0,0.05483357784619411,0.0699421942024504,0.06967573333431226,0.0,0.0,0.0
awnbeb,5,nearest,7.5,1.0,1.0,1.0,1.0,1.0,1.0,0.0,0.0,0.0,0.0,0.0,0.0
awrenb,5,nearest,7.5,0.9999999999996181,0.9999999999996181,0.9999999999996181,1.0,1.0,1.0,0.08401275834332066,0.09826928906817524,0.10846418636965434,0.0,0.0,0.0
awribi,5,nearest,7.5,1.0,1.0,1.0,1.0,1.0,1.0,0.0,0.0,0.0,0.0,0.0,0.0
aydwah,5,nearest,7.5,0.9999999999993514,0.9999999999993514,0.9999999999993514,1.0,1.0,1.0,0.11646824249899342,0.1455704901629963,0.15054142459845019,0.0,0.0,0.0
ayfsdu,5,nearest,7.5,0.9999999999997864,0.9999999999997864,0.9999999999997864,1.0,1.0,1.0,0.04312773155789683,0.05508103403425742,0.05486839732541466,0.0,0.0,0.0
aygpha,5,nearest,7.5,0.9999999999989629,0.9999999999989629,0.9999999999989629,1.0,1.0,1.0,0.16747522413857213,0.19611429650102666,0.2056175807145855,0.0,0.0,0.0
aypudb,5,nearest,7.5,0.9999999999994924,0.9999999999994924,0.9999999999994924,1.0,1.0,1.0,0.09530402190333587,0.07915903080005166,0.06962137516794341,0.0,0.0,0.0
ayquas,5,nearest,7.5,0.9999999999996899,0.9999999999996899,0.9999999999996899,1.0,1.0,1.0,0.0832878501050124,0.1059204360528586,0.09653536482695797,0.0,0.0,0.0
ayquex,5,nearest,7.5,1.0,1.0,1.0,1.0,1.0,1.0,0.0,0.0,0.0,0.0,0.0,0.0
ayshek,5,nearest,7.5,0.999999999999626,0.999999999999626,0.999999999999626,1.0,1.0,1.0,0.051360403997894565,0.036121704867330934,0.028596412846422503,0.0,0.0,0.0
aysmsl,5,nearest,7.5,0.9999999999997762,0.9999999999997762,0.9999999999997762,1.0,1.0,1.0,0.0347168624947431,0.029968530892020805,0.030232213384472694,0.0,0.0,0.0
eacder,5,nearest,7.5,0.9999999999994909,0.9999999999994909,0.9999999999994909,1.0,1.0,1.0,0.10791087783680756,0.1256887618683573,0.13851978385006997,0.0,0.0,0.0
eadect,5,nearest,7.5,1.0,1.0,1.0,1.0,1.0,1.0,0.0,0.0,0.0,0.0,0.0,0.0
eagbac,5,nearest,7.5,0.9865654955329515,0.9816519894814358,0.9828245330461602,1.0,1.0,1.0,0.09316686173138339,0.11877286074027259,0.11286785333739993,0.0,0.0,0.0
eapceo,5,nearest,7.5,0.9999999999994403,0.9999999999994403,0.9999999999994403,1.0,1.0,1.0,0.09789604131651937,0.12151314542914587,0.13099360172996627,0.0,0.0,0.0
easnsv,5,nearest,7.5,0.9806187832386843,0.9553978969086991,0.959440653186759,1.0,1.0,1.0,0.13346549865768959,0.2504994834154764,0.23380506106088153,0.0,0.0,0.0
eavcai,5,nearest,7.5,1.0,1.0,1.0,1.0,1.0,1.0,0.0,0.0,0.0,0.0,0.0,0.0
eavfli,5,nearest,7.5,0.9999999999995572,0.9999999999995572,0.9999999999995572,1.0,1.0,1.0,0.10190379598721416,0.12443719172913328,0.1345291454189253,0.0,0.0,0.0
ebcicy,5,nearest,7.5,0.999999999998774,0.999999999998774,0.999999999998774,1.0,1.0,1.0,0.19690898334189488,0.24793507323250064,0.23103414075710668,0.0,0.0,0.0
ebdafy,5,nearest,7.5,1.0,1.0,1.0,1.0,1.0,1.0,0.0,0.0,0.0,0.0,0.0,0.0
ebenfr,5,nearest,7.5,1.0,1.0,1.0,1.0,1.0,1.0,0.0,0.0,0.0,0.0,0.0,0.0
ebstic,5,nearest,7.5,0.9999999999997272,0.9999999999997272,0.9999999999997272,1.0,1.0,1.0,0.04230205934233403,0.036516277137336274,0.03683757093066001,0.0,0.0,0.0
eccest,5,nearest,7.5,0.9815762876150772,0.9769254968559418,0.9727140849791747,1.0,1.0,1.0,0.16890564954005863,0.20241549566850933,0.22393952223066577,0.0,0.0,0.0
ecdiwo,5,nearest,7.5,0.9999999999996817,0.9999999999996817,0.9999999999996817,1.0,1.0,1.0,0.09935986650550549,0.12085106335538347,0.11545401249574412,0.0,0.0,0.0
ecfesy,5,nearest,7.5,0.9999999999991277,0.9999999999991277,0.9999999999991277,1.0,1.0,1.0,0.15355446602781128,0.18512842706923088,0.19181130152805595,0.0,0.0,0.0
ecforj,5,nearest,7.5,1.0,1.0,1.0,1.0,1.0,1.0,0.0,0.0,0.0,0.0,0.0,0.0
ecgojt,5,nearest,7.5,1.0,1.0,1.0,1.0,1.0,1.0,0.0,0.0,0.0,0.0,0.0,0.0
ecjeod,5,nearest,7.5,1.0,1.0,1.0,1.0,1.0,1.0,0.0,0.0,0.0,0.0,0.0,0.0
eckeck,5,nearest,7.5,0.9999999999989457,0.9999999999989457,0.9999999999989457,1.0,1.0,1.0,0.16802099836739906,0.15967085830664482,0.14444830283021987,0.0,0.0,0.0
ecnopl,5,nearest,7.5,0.9934647031591289,0.9873886162819943,0.9876372153518853,1.0,1.0,1.0,0.09949421300733152,0.1387455532615998,0.1404756072988063,0.0,0.0,0.0
eddreb,5,nearest,7.5,0.9999999999995507,0.9999999999995507,0.9999999999995507,1.0,1.0,1.0,0.06744339987764324,0.08336012912145335,0.08284730794626069,0.0,0.0,0.0
edeejd,5,nearest,7.5,0.9999999999993503,0.9999999999993503,0.9999999999993503,1.0,1.0,1.0,0.17542895642397208,0.20918062645615565,0.18570289717161423,0.0,0.0,0.0
edglev,5,nearest,7.5,1.0,1.0,1.0,1.0,1.0,1.0,0.0,0.0,0.0,0.0,0.0,0.0
edgrat,5,nearest,7.5,0.9999999999996834,0.9999999999996834,0.9999999999996834,1.0,1.0,1.0,0.04792196388990781,0.053311344757660674,0.0584650125021994,0.0,0.0,0.0
edjiye,5,nearest,7.5,0.9999999999991223,0.9999999999991223,0.9999999999991223,1.0,1.0,1.0,0.14434674368973185,0.1557013833814544,0.1575271912200336,0.0,0.0,0.0
edlyxy,5,nearest,7.5,0.9999999999994166,0.9999999999994166,0.9999999999994166,1.0,1.0,1.0,0.10698202931185226,0.13396958537638703,0.1415211741618888,0.0,0.0,0.0
edmugr,5,nearest,7.5,1.0,1.0,1.0,1.0,1.0,1.0,0.0,0.0,0.0,0.0,0.0,0.0
ednill,5,nearest,7.5,0.9999999999992463,0.9999999999992463,0.9999999999992463,1.0,1.0,1.0,0.1337417344376352,0.1333757587314847,0.1383168528416089,0.0,0.0,0.0
edodbl,5,nearest,7.5,1.0,1.0,1.0,1.0,1.0,1.0,0.0,0.0,0.0,0.0,0.0,0.0
edrafs,5,nearest,7.5,0.9999999999980905,0.9999999999980905,0.9999999999980905,1.0,1.0,1.0,0.22154679104847327,0.1455103080788709,0.11419131448241142,0.0,0.0,0.0
eedigk,5,nearest,7.5,0.9999999999992171,0.9999999999992171,0.9999999999992171,1.0,1.0,1.0,0.14031140001700673,0.17226827029276734,0.1784402161999762,0.0,0.0,0.0
eefayb,5,nearest,7.5,1.0,1.0,1.0,1.0,1.0,1.0,0.0,0.0,0.0,0.0,0.0,0.0
eegcef,5,nearest,7.5,0.999999999998902,0.999999999998902,0.999999999998902,1.0,1.0,1.0,0.13140079961425277,0.08735514783514438,0.06865287062108827,0.0,0.0,0.0
eemafb,5,nearest,7.5,1.0,1.0,1.0,1.0,1.0,1.0,0.0,0.0,0.0,0.0,0.0,0.0
eersdo,5,nearest,7.5,0.9886488209429705,0.9870534103827683,0.9869325536476772,1.0,1.0,1.0,0.2169049660569339,0.23929652235939725,0.23580315383603387,0.0,0.0,0.0
eesbaj,5,nearest,7.5,0.9999999999996707,0.9999999999996707,0.9999999999996707,1.0,1.0,1.0,0.032939324376599424,0.013933314288457125,0.014511053098443083,0.0,0.0,0.0
efcati,5,nearest,7.5,0.9999999999996543,0.9999999999996543,0.9999999999996543,1.0,1.0,1.0,0.08591605849149837,0.08797189676061073,0.07383823445228735,0.0,0.0,0.0
effneo,5,nearest,7.5,0.9999999999993296,0.9999999999993296,0.9999999999993296,1.0,1.0,1.0,0.12467054047735543,0.1553931137441031,0.16249259320300252,0.0,0.0,0.0
efghak,5,nearest,7.5,0.9999999999987906,0.9999999999987906,0.9999999999987906,1.0,1.0,1.0,0.17832871679723986,0.17358525994055002,0.16611012700123287,0.0,0.0,0.0
efgoak,5,nearest,7.5,0.9999999999994484,0.9999999999994484,0.9999999999994484,1.0,1.0,1.0,0.11108356913147575,0.12157091224764958,0.11538430238764096,0.0,0.0,0.0
efmymo,5,nearest,7.5,0.9024551530302368,0.8780482818830649,0.8507671501131232,1.0,1.0,1.0,0.5587091212299679,0.6568968372520724,0.7571500268812843,0.0,0.0,0.0
efonve,5,nearest,7.5,0.9999999999992311,0.9999999999992311,0.9999999999992311,1.0,1.0,1.0,0.14607251823643191,0.16115759304011723,0.15761858479735047,0.0,0.0,0.0
efsphe,5,nearest,7.5,1.0,1.0,1.0,1.0,1.0,1.0,0.0,0.0,0.0,0.0,0.0,0.0
eggfri,5,nearest,7.5,0.9999999999997248,0.9999999999997248,0.9999999999997248,1.0,1.0,1.0,0.06859984974752995,0.08120476363784904,0.09000019398568093,0.0,0.0,0.0
eghanw,5,nearest,7.5,1.0,1.0,1.0,1.0,1.0,1.0,0.0,0.0,0.0,0.0,0.0,0.0
egloha,5,nearest,7.5,1.0,1.0,1.0,1.0,1.0,1.0,0.0,0.0,0.0,0.0,0.0,0.0
egnata,5,nearest,7.5,0.9999999999994817,0.9999999999994817,0.9999999999994817,1.0,1.0,1.0,0.08579381612647938,0.10627516675135046,0.10798024258262483,0.0,0.0,0.0
egteir,5,nearest,7.5,1.0,1.0,1.0,1.0,1.0,1.0,0.0,0.0,0.0,0.0,0.0,0.0
egwicj,5,nearest,7.5,1.0,1.0,1.0,1.0,1.0,1.0,0.0,0.0,0.0,0.0,0.0,0.0
eiboid,5,nearest,7.5,0.9999999999995324,0.9999999999995324,0.9999999999995324,1.0,1.0,1.0,0.06200215388678657,0.07246928332071002,0.07495452826356092,0.0,0.0,0.0
eifvid,5,nearest,7.5,0.9999999999992402,0.9999999999992402,0.9999999999992402,1.0,1.0,1.0,0.10242316750508507,0.07147860158481403,0.05652819054429213,0.0,0.0,0.0
eincuf,5,nearest,7.5,0.9202636424443662,0.8753201196079087,0.8598531745949083,1.0,1.0,1.0,0.4809859053224099,0.6673449579749949,0.7247700304654553,0.0,0.0,0.0
eitpem,5,nearest,7.5,0.9096732508615779,0.8366518426912622,0.8434327436254941,1.0,1.0,1.0,0.5278862729421107,0.80560773619697,0.7826009831030202,0.0,0.0,0.0
ejcrur,5,nearest,7.5,0.9999999999988768,0.9999999999988768,0.9999999999988768,1.0,1.0,1.0,0.12580160795536088,0.08216590227136462,0.06448228366527277,0.0,0.0,0.0
ejesba,5,nearest,7.5,0.9999999999994342,0.9999999999994342,0.9999999999994342,1.0,1.0,1.0,0.10125255743616182,0.10546434450745208,0.0986065149606663,0.0,0.0,0.0
ejkipu,5,nearest,7.5,1.0,1.0,1.0,1.0,1.0,1.0,0.0,0.0,0.0,0.0,0.0,0.0
ejnoax,5,nearest,7.5,0.9999999999992272,0.9999999999992272,0.9999999999992272,1.0,1.0,1.0,0.15946859941598052,0.19839084015528682,0.20628022313510877,0.0,0.0,0.0
ejshig,5,nearest,7.5,1.0,1.0,1.0,1.0,1.0,1.0,0.0,0.0,0.0,0.0,0.0,0.0
ejtobu,5,nearest,7.5,1.0,1.0,1.0,1.0,1.0,1.0,0.0,0.0,0.0,0.0,0.0,0.0
ekenuc,5,nearest,7.5,1.0,1.0,1.0,1.0,1.0,1.0,0.0,0.0,0.0,0.0,0.0,0.0
ekfrab,5,nearest,7.5,1.0,1.0,1.0,1.0,1.0,1.0,0.0,0.0,0.0,0.0,0.0,0.0
ektamy,5,nearest,7.5,0.9863967525063354,0.9779435487227255,0.9787562108840977,1.0,1.0,1.0,0.20600451689579255,0.25607615163791514,0.25203150871274616,0.0,0.0,0.0
ektuyo,5,nearest,7.5,0.9999999999988807,0.9999999999988807,0.9999999999988807,1.0,1.0,1.0,0.21533621721443408,0.274828124524873,0.27375462109203513,0.0,0.0,0.0
ekyosj,5,nearest,7.5,0.9999999999997656,0.9999999999997656,0.9999999999997656,1.0,1.0,1.0,0.03313723439683422,0.03004063688498363,0.0319315163287094,0.0,0.0,0.0
elafle,5,nearest,7.5,0.9999999999995144,0.9999999999995144,0.9999999999995144,1.0,1.0,1.0,0.1321320944136568,0.15503367423693173,0.13735931123557002,0.0,0.0,0.0
elbnax,5,nearest,7.5,0.9999999999990831,0.9999999999990831,0.9999999999990831,1.0,1.0,1.0,0.14919545651752159,0.14037543630064628,0.1296817147578088,0.0,0.0,0.0
elfyea,5,nearest,7.5,0.9999999999992919,0.9999999999992919,0.9999999999992919,1.0,1.0,1.0,0.14244155076611176,0.17333610552862783,0.1839343314388067,0.0,0.0,0.0
elhuyo,5,nearest,7.5,1.0,1.0,1.0,1.0,1.0,1.0,0.0,0.0,0.0,0.0,0.0,0.0
ellimt,5,nearest,7.5,1.0,1.0,1.0,1.0,1.0,1.0,0.0,0.0,0.0,0.0,0.0,0.0
elswck,5,nearest,7.5,1.0,1.0,1.0,1.0,1.0,1.0,0.0,0.0,0.0,0.0,0.0,0.0
elvgid,5,nearest,7.5,0.9685996792100189,0.950399191816868,0.9454727320404075,1.0,1.0,1.0,0.2006320854244922,0.282830636357154,0.3030560429558561,0.0,0.0,0.0
elwesn,5,nearest,7.5,0.999999999999018,0.999999999999018,0.999999999999018,1.0,1.0,1.0,0.14012727441092077,0.100193222079986,0.07950396416538383,0.0,0.0,0.0
enarwe,5,nearest,7.5,0.9863879008445652,0.9844282775452734,0.9836869939587088,1.0,1.0,1.0,0.11236490146695037,0.10202357039639479,0.1057916707853414,0.0,0.0,0.0
enekbl,5,nearest,7.5,1.0,1.0,1.0,1.0,1.0,1.0,0.0,0.0,0.0,0.0,0.0,0.0
enidmo,5,nearest,7.5,1.0,1.0,1.0,1.0,1.0,1.0,0.0,0.0,0.0,0.0,0.0,0.0
enjubp,5,nearest,7.5,0.9999999999980905,0.9999999999980905,0.9999999999980905,1.0,1.0,1.0,0.3014170815772156,0.3555735982920377,0.37080956022342093,0.0,0.0,0.0
enkkan,5,nearest,7.5,0.999999999999624,0.999999999999624,0.999999999999624,1.0,1.0,1.0,0.07542050671398529,0.09748978372842454,0.0965893904232971,0.0,0.0,0.0
enyons,5,nearest,7.5,0.9838126816860722,0.97108618000022,0.9697210406415457,1.0,1.0,1.0,0.16568204193819736,0.2114314505920754,0.21535796240155994,0.0,0.0,0.0
eoccoi,5,nearest,7.5,0.9999999999997102,0.9999999999997102,0.9999999999997102,1.0,1.0,1.0,0.04305846737638425,0.0313393070564579,0.024932207666232973,0.0,0.0,0.0
eoffri,5,nearest,7.5,0.9913828700847327,0.9876659410557579,0.9868129229366193,1.0,1.0,1.0,0.06936600151829023,0.08314471691462609,0.08768192079812223,0.0,0.0,0.0
eoivqu,5,nearest,7.5,1.0,1.0,1.0,1.0,1.0,1.0,0.0,0.0,0.0,0.0,0.0,0.0
eokrac,5,nearest,7.5,0.9999999999998388,0.9999999999998388,0.9999999999998388,1.0,1.0,1.0,0.025609491496363455,0.030723117385446683,0.033705251333826076,0.0,0.0,0.0
eolgug,5,nearest,7.5,0.9999999999994342,0.9999999999994342,0.9999999999994342,1.0,1.0,1.0,0.1012218305865174,0.12028342743648991,0.12633362171299028,0.0,0.0,0.0
eoslui,5,nearest,7.5,1.0,1.0,1.0,1.0,1.0,1.0,0.0,0.0,0.0,0.0,0.0,0.0
eovsyt,5,nearest,7.5,0.9294651269734509,0.8864539024068108,0.8995071994719831,1.0,1.0,1.0,0.36405164228226583,0.5165268419900623,0.4624402619253413,0.0,0.0,0.0
eoydba,5,nearest,7.5,1.0,1.0,1.0,1.0,1.0,1.0,0.0,0.0,0.0,0.0,0.0,0.0
epabca,5,nearest,7.5,0.9895656648948239,0.9867192975120308,0.9863155076956597,1.0,1.0,1.0,0.14910570109360757,0.17947857260200872,0.1756059045510034,0.0,0.0,0.0
epemva,5,nearest,7.5,1.0,1.0,1.0,1.0,1.0,1.0,0.0,0.0,0.0,0.0,0.0,0.0
epkiap,5,nearest,7.5,1.0,1.0,1.0,1.0,1.0,1.0,0.0,0.0,0.0,0.0,0.0,0.0
equioc,5,nearest,7.5,1.0,1.0,1.0,1.0,1.0,1.0,0.0,0.0,0.0,0.0,0.0,0.0
equoaw,5,nearest,7.5,0.9999999999996181,0.9999999999996181,0.9999999999996181,1.0,1.0,1.0,0.041752810597785135,0.018354727789446607,0.019223597306577196,0.0,0.0,0.0
erjboy,5,nearest,7.5,1.0,1.0,1.0,1.0,1.0,1.0,0.0,0.0,0.0,0.0,0.0,0.0
erjcre,5,nearest,7.5,0.999999999999121,0.999999999999121,0.999999999999121,1.0,1.0,1.0,0.136400557039791,0.14394550191712308,0.14032885786542615,0.0,0.0,0.0
erjtai,5,nearest,7.5,1.0,1.0,1.0,1.0,1.0,1.0,0.0,0.0,0.0,0.0,0.0,0.0
erulgh,5,nearest,7.5,1.0,1.0,1.0,1.0,1.0,1.0,0.0,0.0,0.0,0.0,0.0,0.0
erwumu,5,nearest,7.5,0.9999999999991239,0.9999999999991239,0.9999999999991239,1.0,1.0,1.0,0.1736594898380857,0.20330670514621582,0.2078127696875309,0.0,0.0,0.0
eryeig,5,nearest,7.5,0.9999999999989585,0.9999999999989585,0.9999999999989585,1.0,1.0,1.0,0.17944492994821,0.20143769258544822,0.20501155680913732,0.0,0.0,0.0
eshria,5,nearest,7.5,0.9999999999996221,0.9999999999996221,0.9999999999996221,1.0,1.0,1.0,0.07649455817542758,0.0924857278389216,0.09958964240596753,0.0,0.0,0.0
eshroa,5,nearest,7.5,1.0,1.0,1.0,1.0,1.0,1.0,0.0,0.0,0.0,0.0,0.0,0.0
esnddc,5,nearest,7.5,0.9999999999991394,0.9999999999991394,0.9999999999991394,1.0,1.0,1.0,0.1531434526455362,0.16042463671556087,0.1499930086725629,0.0,0.0,0.0
esudce,5,nearest,7.5,0.9999999999991953,0.9999999999991953,0.9999999999991953,1.0,1.0,1.0,0.1558442153616601,0.19204606334397367,0.20012694123039826,0.0,0.0,0.0
etirnf,5,nearest,7.5,1.0,1.0,1.0,1.0,1.0,1.0,0.0,0.0,0.0,0.0,0.0,0.0
etnads,5,nearest,7.5,0.9999999999999126,0.9999999999999126,0.9999999999999126,1.0,1.0,1.0,0.014518283139146408,0.014049826726107184,0.015138385648259653,0.0,0.0,0.0
eufdod,5,nearest,7.5,0.9999999999993154,0.9999999999993154,0.9999999999993154,1.0,1.0,1.0,0.1772148498248317,0.16752131834974482,0.15571778177484463,0.0,0.0,0.0
evbacc,5,nearest,7.5,0.9999999999997005,0.9999999999997005,0.9999999999997005,1.0,1.0,1.0,0.06114487681015378,0.07722144967547855,0.07197307068012151,0.0,0.0,0.0
evdyff,5,nearest,7.5,0.9999999999994513,0.9999999999994513,0.9999999999994513,1.0,1.0,1.0,0.06882959209877185,0.07209690580623616,0.07150838428221978,0.0,0.0,0.0
evjoko,5,nearest,7.5,0.999999999999144,0.999999999999144,0.999999999999144,1.0,1.0,1.0,0.20194301306555362,0.25383128151719614,0.20784264925517898,0.0,0.0,0.0
evmaja,5,nearest,7.5,1.0,1.0,1.0,1.0,1.0,1.0,0.0,0.0,0.0,0.0,0.0,0.0
evtitd,5,nearest,7.5,1.0,1.0,1.0,1.0,1.0,1.0,0.0,0.0,0.0,0.0,0.0,0.0
ewbglo,5,nearest,7.5,1.0,1.0,1.0,1.0,1.0,1.0,0.0,0.0,0.0,0.0,0.0,0.0
ewedkl,5,nearest,7.5,1.0,1.0,1.0,1.0,1.0,1.0,0.0,0.0,0.0,0.0,0.0,0.0
ewufri,5,nearest,7.5,0.9999999999988283,0.9999999999988283,0.9999999999988283,1.0,1.0,1.0,0.25598455774853296,0.30248536124741315,0.31841900949365853,0.0,0.0,0.0
ewvnil,5,nearest,7.5,1.0,1.0,1.0,1.0,1.0,1.0,0.0,0.0,0.0,0.0,0.0,0.0
exskaf,5,nearest,7.5,1.0,1.0,1.0,1.0,1.0,1.0,0.0,0.0,0.0,0.0,0.0,0.0
eybmij,5,nearest,7.5,0.9497553571312333,0.927672773909205,0.9262537057502932,1.0,1.0,1.0,0.3352964053824475,0.36122150376383844,0.367302166258767,0.0,0.0,0.0
eybyay,5,nearest,7.5,1.0,1.0,1.0,1.0,1.0,1.0,0.0,0.0,0.0,0.0,0.0,0.0
iackaw,5,nearest,7.5,0.9999999999993989,0.9999999999993989,0.9999999999993989,1.0,1.0,1.0,0.1385781188694875,0.20511756073460405,0.1470932148168815,0.0,0.0,0.0
iafbag,5,nearest,7.5,1.0,1.0,1.0,1.0,1.0,1.0,0.0,0.0,0.0,0.0,0.0,0.0
iafstn,5,nearest,7.5,0.9999999999991769,0.9999999999991769,0.9999999999991769,1.0,1.0,1.0,0.14010662618555458,0.14203081951349394,0.1430862599040594,0.0,0.0,0.0
iaggri,5,nearest,7.5,1.0,1.0,1.0,1.0,1.0,1.0,0.0,0.0,0.0,0.0,0.0,0.0
iahoro,5,nearest,7.5,1.0,1.0,1.0,1.0,1.0,1.0,0.0,0.0,0.0,0.0,0.0,0.0
iapber,5,nearest,7.5,1.0,1.0,1.0,1.0,1.0,1.0,0.0,0.0,0.0,0.0,0.0,0.0
iatojb,5,nearest,7.5,1.0,1.0,1.0,1.0,1.0,1.0,0.0,0.0,0.0,0.0,0.0,0.0
ibflsr,5,nearest,7.5,1.0,1.0,1.0,1.0,1.0,1.0,0.0,0.0,0.0,0.0,0.0,0.0
ibgryk,5,nearest,7.5,0.9999999999991349,0.9999999999991349,0.9999999999991349,1.0,1.0,1.0,0.16224979368169193,0.20025755944105195,0.2072593165226123,0.0,0.0,0.0
iblool,5,nearest,7.5,1.0,1.0,1.0,1.0,1.0,1.0,0.0,0.0,0.0,0.0,0.0,0.0
ibpijd,5,nearest,7.5,0.9999999999998018,0.9999999999998018,0.9999999999998018,1.0,1.0,1.0,0.031294669671951346,0.036917477418299,0.03849935324724042,0.0,0.0,0.0
ibwici,5,nearest,7.5,0.9812992693277675,0.968037202805964,0.9634914608295015,1.0,1.0,1.0,0.11192199981896173,0.16512252930137292,0.18101595979362461,0.0,0.0,0.0
icagpo,5,nearest,7.5,0.9999999999990101,0.9999999999990101,0.9999999999990101,1.0,1.0,1.0,0.205204794964496,0.2501425841962713,0.25890716881785697,0.0,0.0,0.0
icdahe,5,nearest,7.5,1.0,1.0,1.0,1.0,1.0,1.0,0.0,0.0,0.0,0.0,0.0,0.0
icdapn,5,nearest,7.5,1.0,1.0,1.0,1.0,1.0,1.0,0.0,0.0,0.0,0.0,0.0,0.0
icdult,5,nearest,7.5,1.0,1.0,1.0,1.0,1.0,1.0,0.0,0.0,0.0,0.0,0.0,0.0
icedpa,5,nearest,7.5,0.9999999999994894,0.9999999999994894,0.9999999999994894,1.0,1.0,1.0,0.061116650983373384,0.040630301318671805,0.03193156773073873,0.0,0.0,0.0
ichiki,5,nearest,7.5,1.0,1.0,1.0,1.0,1.0,1.0,0.0,0.0,0.0,0.0,0.0,0.0
ickguw,5,nearest,7.5,0.9999999999994614,0.9999999999994614,0.9999999999994614,1.0,1.0,1.0,0.11297340758088506,0.13334780208177813,0.1443699417228991,0.0,0.0,0.0
ickphi,5,nearest,7.5,1.0,1.0,1.0,1.0,1.0,1.0,0.0,0.0,0.0,0.0,0.0,0.0
ickviy,5,nearest,7.5,0.9946789865371393,0.9903492308002966,0.9903340845364732,1.0,1.0,1.0,0.08411454114215183,0.10560325936897996,0.1055867301851726,0.0,0.0,0.0
ictlyp,5,nearest,7.5,0.9999999999989634,0.9999999999989634,0.9999999999989634,1.0,1.0,1.0,0.18469883859347475,0.23278920704517927,0.23180873410567682,0.0,0.0,0.0
ictmuo,5,nearest,7.5,1.0,1.0,1.0,1.0,1.0,1.0,0.0,0.0,0.0,0.0,0.0,0.0
icwiro,5,nearest,7.5,0.9999999999996008,0.9999999999996008,0.9999999999996008,1.0,1.0,1.0,0.06953672668820042,0.08351466392674738,0.08946389922488754,0.0,0.0,0.0
idbayb,5,nearest,7.5,1.0,1.0,1.0,1.0,1.0,1.0,0.0,0.0,0.0,0.0,0.0,0.0
idcadg,5,nearest,7.5,0.9999999999990711,0.9999999999990711,0.9999999999990711,1.0,1.0,1.0,0.14897466453387503,0.15296957708146774,0.16994595260366496,0.0,0.0,0.0
ideutg,5,nearest,7.5,0.9999999999996975,0.9999999999996975,0.9999999999996975,1.0,1.0,1.0,0.04688821839260469,0.03478773603867341,0.02775567126948183,0.0,0.0,0.0
idholv,5,nearest,7.5,0.9856939147880678,0.9786266169233767,0.9786266169233767,1.0,1.0,1.0,0.11112593135172327,0.162978928574228,0.1587324760746319,0.0,0.0,0.0
idjokv,5,nearest,7.5,0.9999999999993056,0.9999999999993056,0.9999999999993056,1.0,1.0,1.0,0.09320935732251544,0.07976705531581203,0.0833103749002617,0.0,0.0,0.0
idlorr,5,nearest,7.5,0.9999999999990726,0.9999999999990726,0.9999999999990726,1.0,1.0,1.0,0.17779565956752197,0.22781171825940993,0.2269438171460456,0.0,0.0,0.0
idodly,5,nearest,7.5,0.9999999999986897,0.9999999999986897,0.9999999999986897,1.0,1.0,1.0,0.19072554804975028,0.13758363064946658,0.10931462753738289,0.0,0.0,0.0
idshyw,5,nearest,7.5,0.9999999999993394,0.9999999999993394,0.9999999999993394,1.0,1.0,1.0,0.09661886654796935,0.10197306863322397,0.10208249151087026,0.0,0.0,0.0
idsmuk,5,nearest,7.5,0.9999999999993636,0.9999999999993636,0.9999999999993636,1.0,1.0,1.0,0.10133903843967822,0.09630900937255768,0.10335713723467167,0.0,0.0,0.0
idtwal,5,nearest,7.5,1.0,1.0,1.0,1.0,1.0,1.0,0.0,0.0,0.0,0.0,0.0,0.0
idvoww,5,nearest,7.5,1.0,1.0,1.0,1.0,1.0,1.0,0.0,0.0,0.0,0.0,0.0,0.0
ifanfa,5,nearest,7.5,0.9999999999991599,0.9999999999991599,0.9999999999991599,1.0,1.0,1.0,0.14756571810941785,0.17629400414153948,0.19145389951208253,0.0,0.0,0.0
ifefro,5,nearest,7.5,0.9408836255123261,0.9184171137060759,0.9154593256189008,1.0,1.0,1.0,0.3264246114416509,0.40982274916398737,0.41995610828423663,0.0,0.0,0.0
ifelas,5,nearest,7.5,0.999999999999565,0.999999999999565,0.999999999999565,1.0,1.0,1.0,0.05449641435387676,0.025523773006901746,0.027012889359630123,0.0,0.0,0.0
ifkald,5,nearest,7.5,1.0,1.0,1.0,1.0,1.0,1.0,0.0,0.0,0.0,0.0,0.0,0.0
ifragc,5,nearest,7.5,0.9999999999993056,0.9999999999993056,0.9999999999993056,1.0,1.0,1.0,0.17509030117615726,0.20254423737622235,0.20726965196293146,0.0,0.0,0.0
igglit,5,nearest,7.5,0.999999999999651,0.999999999999651,0.999999999999651,1.0,1.0,1.0,0.0675490552120855,0.08573559289332627,0.08540896344206021,0.0,0.0,0.0
igsoys,5,nearest,7.5,0.9845459790801978,0.9721579643648314,0.9677112787566637,1.0,1.0,1.0,0.13304039996098524,0.19072368462938136,0.20857284055235853,0.0,0.0,0.0
igvidt,5,nearest,7.5,0.9999999999996111,0.9999999999996111,0.9999999999996111,1.0,1.0,1.0,0.06228997284911276,0.07751736657754052,0.07710439581267492,0.0,0.0,0.0
ijcoga,5,nearest,7.5,0.9999999999995757,0.9999999999995757,0.9999999999995757,1.0,1.0,1.0,0.0915284772497411,0.11185571474168413,0.11801976431441549,0.0,0.0,0.0
ijdeyd,5,nearest,7.5,1.0,1.0,1.0,1.0,1.0,1.0,0.0,0.0,0.0,0.0,0.0,0.0
ijhigo,5,nearest,7.5,1.0,1.0,1.0,1.0,1.0,1.0,0.0,0.0,0.0,0.0,0.0,0.0
ijhipv,5,nearest,7.5,0.9999999999992775,0.9999999999992775,0.9999999999992775,1.0,1.0,1.0,0.09701495401720668,0.09669004223610463,0.09738989633305593,0.0,0.0,0.0
ijpiaw,5,nearest,7.5,0.9999999999984449,0.9999999999984449,0.9999999999984449,1.0,1.0,1.0,0.23294840134896508,0.2670543573462049,0.2925422294146507,0.0,0.0,0.0
ijpruk,5,nearest,7.5,0.9999999999993517,0.9999999999993517,0.9999999999993517,1.0,1.0,1.0,0.13165258644452915,0.14762520009059765,0.1400827900650619,0.0,0.0,0.0
ijthin,5,nearest,7.5,1.0,1.0,1.0,1.0,1.0,1.0,0.0,0.0,0.0,0.0,0.0,0.0
ijtowh,5,nearest,7.5,0.9999999999997361,0.9999999999997361,0.9999999999997361,1.0,1.0,1.0,0.04519138517941588,0.053560683575339836,0.05610781828592365,0.0,0.0,0.0
ikdagc,5,nearest,7.5,1.0,1.0,1.0,1.0,1.0,1.0,0.0,0.0,0.0,0.0,0.0,0.0
ikkimm,5,nearest,7.5,0.9999999999996705,0.9999999999996705,0.9999999999996705,1.0,1.0,1.0,0.046307027757545076,0.05495500786460864,0.05853845325065044,0.0,0.0,0.0
ikujfu,5,nearest,7.5,0.999999999999132,0.999999999999132,0.999999999999132,1.0,1.0,1.0,0.1628661259505169,0.20810662485039066,0.20726605858744146,0.0,0.0,0.0
ilcoby,5,nearest,7.5,0.9999999999995407,0.9999999999995407,0.9999999999995407,1.0,1.0,1.0,0.10720987755115796,0.13697036845794908,0.0940955713593777,0.0,0.0,0.0
ilkble,5,nearest,7.5,1.0,1.0,1.0,1.0,1.0,1.0,0.0,0.0,0.0,0.0,0.0,0.0
ilkedv,5,nearest,7.5,1.0,1.0,1.0,1.0,1.0,1.0,0.0,0.0,0.0,0.0,0.0,0.0
ilyutj,5,nearest,7.5,1.0,1.0,1.0,1.0,1.0,1.0,0.0,0.0,0.0,0.0,0.0,0.0
imhacy,5,nearest,7.5,1.0,1.0,1.0,1.0,1.0,1.0,0.0,0.0,0.0,0.0,0.0,0.0
imnees,5,nearest,7.5,0.9999999999990697,0.9999999999990697,0.9999999999990697,1.0,1.0,1.0,0.2660385380287421,0.32154560669849575,0.30581029784732106,0.0,0.0,0.0
imoikc,5,nearest,7.5,0.9999999999996327,0.9999999999996327,0.9999999999996327,1.0,1.0,1.0,0.06918309744777273,0.08804511051362683,0.08768948632545598,0.0,0.0,0.0
imwryt,5,nearest,7.5,0.9999999999986361,0.9999999999986361,0.9999999999986361,1.0,1.0,1.0,0.1771266151932815,0.16261326047158858,0.15517746101009924,0.0,0.0,0.0
imwyoj,5,nearest,7.5,0.9999999999992737,0.9999999999992737,0.9999999999992737,1.0,1.0,1.0,0.10975830309278323,0.10343749148771662,0.09590329483629993,0.0,0.0,0.0
inckki,5,nearest,7.5,0.9918945886006456,0.9846426792663502,0.9850054602064295,1.0,1.0,1.0,0.1475844956208359,0.20146390634306563,0.20603968501629247,0.0,0.0,0.0
indtwr,5,nearest,7.5,1.0,1.0,1.0,1.0,1.0,1.0,0.0,0.0,0.0,0.0,0.0,0.0
indyep,5,nearest,7.5,0.9999999999991305,0.9999999999991305,0.9999999999991305,1.0,1.0,1.0,0.18299969608229158,0.22774104384455202,0.24229857739828353,0.0,0.0,0.0
inghog,5,nearest,7.5,0.9999999999998033,0.9999999999998033,0.9999999999998033,1.0,1.0,1.0,0.0637762497839621,0.0707104987821376,0.07423322374732035,0.0,0.0,0.0
inghot,5,nearest,7.5,1.0,1.0,1.0,1.0,1.0,1.0,0.0,0.0,0.0,0.0,0.0,0.0
inhial,5,nearest,7.5,1.0,1.0,1.0,1.0,1.0,1.0,0.0,0.0,0.0,0.0,0.0,0.0
inlica,5,nearest,7.5,1.0,1.0,1.0,1.0,1.0,1.0,0.0,0.0,0.0,0.0,0.0,0.0
inquay,5,nearest,7.5,0.99999999999933,0.99999999999933,0.99999999999933,1.0,1.0,1.0,0.11631986749361338,0.12564946684859338,0.13097717402731246,0.0,0.0,0.0
insodf,5,nearest,7.5,1.0,1.0,1.0,1.0,1.0,1.0,0.0,0.0,0.0,0.0,0.0,0.0
ioajdi,5,nearest,7.5,0.9999999999998244,0.9999999999998244,0.9999999999998244,1.0,1.0,1.0,0.03158747497771458,0.0371753824362148,0.042118782793126475,0.0,0.0,0.0
ioangi,5,nearest,7.5,0.9917063424363379,0.9887090205125235,0.9904776229502007,1.0,1.0,1.0,0.11636773768821351,0.14837934383350265,0.13885225873544663,0.0,0.0,0.0
iodjie,5,nearest,7.5,0.9999999999995544,0.9999999999995544,0.9999999999995544,1.0,1.0,1.0,0.060793120369018225,0.05435785326948893,0.05763044003310902,0.0,0.0,0.0
iodlac,5,nearest,7.5,0.9999999999992791,0.9999999999992791,0.9999999999992791,1.0,1.0,1.0,0.1274662833811231,0.16396729335585322,0.1436745747266153,0.0,0.0,0.0
iorjtw,5,nearest,7.5,0.9999999999997049,0.9999999999997049,0.9999999999997049,1.0,1.0,1.0,0.04947277980812179,0.05989058254333454,0.06752839039589036,0.0,0.0,0.0
iotklo,5,nearest,7.5,0.9999999999990452,0.9999999999990452,0.9999999999990452,1.0,1.0,1.0,0.1332819454298302,0.09097052389706133,0.0933479359955263,0.0,0.0,0.0
iovhar,5,nearest,7.5,0.9999999999994432,0.9999999999994432,0.9999999999994432,1.0,1.0,1.0,0.10511386740150237,0.1336404457885264,0.13312184004929448,0.0,0.0,0.0
iovlit,5,nearest,7.5,0.9999999999986406,0.9999999999986406,0.9999999999986406,1.0,1.0,1.0,0.22315852063020894,0.2678847386035898,0.2930418089602948,0.0,0.0,0.0
ioytgo,5,nearest,7.5,0.9999999999980904,0.9999999999980904,0.9999999999980904,1.0,1.0,1.0,0.3478203888393801,0.3688412902216958,0.3568109138282961,0.0,0.0,0.0
ipdioi,5,nearest,7.5,0.9920201395516548,0.981160481797346,0.9804070516894614,1.0,1.0,1.0,0.1699672567134585,0.2405167793708033,0.25605871107545575,0.0,0.0,0.0
iphesp,5,nearest,7.5,0.9999999999980905,0.9999999999980905,0.9999999999980905,1.0,1.0,1.0,0.2440711629655611,0.16660052329939928,0.13136672134020824,0.0,0.0,0.0
iphybc,5,nearest,7.5,1.0,1.0,1.0,1.0,1.0,1.0,0.0,0.0,0.0,0.0,0.0,0.0
ipjier,5,nearest,7.5,0.9905449786799762,0.981461536454258,0.979793766929822,1.0,1.0,1.0,0.1136641462453226,0.16500198988576661,0.17862268727607472,0.0,0.0,0.0
ippfei,5,nearest,7.5,0.9999999999992641,0.9999999999992641,0.9999999999992641,1.0,1.0,1.0,0.10340535717245378,0.12428375123987126,0.12797027192534985,0.0,0.0,0.0
irjfen,5,nearest,7.5,0.9999999999996494,0.9999999999996494,0.9999999999996494,1.0,1.0,1.0,0.056376499446982364,0.06385477776469096,0.07163019435217294,0.0,0.0,0.0
isekdy,5,nearest,7.5,1.0,1.0,1.0,1.0,1.0,1.0,0.0,0.0,0.0,0.0,0.0,0.0
isfikt,5,nearest,7.5,0.9605455415967634,0.9490411795772903,0.9368968227699588,1.0,1.0,1.0,0.2153026298323913,0.2578985488417537,0.29805818197111456,0.0,0.0,0.0
ishvir,5,nearest,7.5,0.9999999999996035,0.9999999999996035,0.9999999999996035,1.0,1.0,1.0,0.07444040746199729,0.06898866611808202,0.06958166062586459,0.0,0.0,0.0
isnthl,5,nearest,7.5,1.0,1.0,1.0,1.0,1.0,1.0,0.0,0.0,0.0,0.0,0.0,0.0
ispaww,5,nearest,7.5,0.9999999999998566,0.9999999999998566,0.9999999999998566,1.0,1.0,1.0,0.023225687911688966,0.020426124470574868,0.02068524154173281,0.0,0.0,0.0
isvayd,5,nearest,7.5,1.0,1.0,1.0,1.0,1.0,1.0,0.0,0.0,0.0,0.0,0.0,0.0
itacfl,5,nearest,7.5,0.972695304219969,0.9540930348287875,0.9535094405596695,1.0,1.0,1.0,0.20154975289551816,0.2718783249662829,0.27592015584395096,0.0,0.0,0.0
itbadp,5,nearest,7.5,0.9796960412046247,0.978391106355596,0.9777132842560644,1.0,1.0,1.0,0.25105144942740826,0.25102593392758293,0.2545583910186355,0.0,0.0,0.0
itbejs,5,nearest,7.5,0.9999999999987269,0.9999999999987269,0.9999999999987269,1.0,1.0,1.0,0.21563485908690558,0.27353862891448866,0.27222513799327547,0.0,0.0,0.0
itcemr,5,nearest,7.5,0.9786311409869543,0.9706958669215936,0.9667995630974524,1.0,1.0,1.0,0.13293271764301293,0.16836149962352945,0.18443781189274433,0.0,0.0,0.0
ithpet,5,nearest,7.5,0.9999999999980905,0.9999999999980905,0.9999999999980905,1.0,1.0,1.0,0.2531754617043785,0.2959162402262326,0.30606432374287373,0.0,0.0,0.0
itmeps,5,nearest,7.5,1.0,1.0,1.0,1.0,1.0,1.0,0.0,0.0,0.0,0.0,0.0,0.0
itpivo,5,nearest,7.5,0.9999999999993373,0.9999999999993373,0.9999999999993373,1.0,1.0,1.0,0.11475284906485757,0.1431145474854646,0.14820310103875836,0.0,0.0,0.0
itquir,5,nearest,7.5,0.9668015285795329,0.9502384791560544,0.9445225309521499,1.0,1.0,1.0,0.24478118235184482,0.3210081595586979,0.33935324527002225,0.0,0.0,0.0
ivheoo,5,nearest,7.5,0.9728619454049586,0.9579699721693438,0.9484210739139106,1.0,1.0,1.0,0.23476805963618674,0.31017356096616644,0.33885104913981706,0.0,0.0,0.0
ivkock,5,nearest,7.5,0.9999999999996094,0.9999999999996094,0.9999999999996094,1.0,1.0,1.0,0.04156254775980663,0.02641786899225118,0.020654835133699555,0.0,0.0,0.0
izowcu,5,nearest,7.5,1.0,1.0,1.0,1.0,1.0,1.0,0.0,0.0,0.0,0.0,0.0,0.0
oadwow,5,nearest,7.5,1.0,1.0,1.0,1.0,1.0,1.0,0.0,0.0,0.0,0.0,0.0,0.0
oafhyn,5,nearest,7.5,0.97117993441671,0.9680468649257024,0.9648876816322629,1.0,1.0,1.0,0.3278603745446261,0.3749066885995926,0.37640679687681355,0.0,0.0,0.0
oahudf,5,nearest,7.5,0.9999999999994544,0.9999999999994544,0.9999999999994544,1.0,1.0,1.0,0.09977937095353581,0.0972336109923864,0.09820021261985856,0.0,0.0,0.0
oakpik,5,nearest,7.5,0.9999999999992069,0.9999999999992069,0.9999999999992069,1.0,1.0,1.0,0.08440394314299193,0.05364859549195625,0.041945203656128326,0.0,0.0,0.0
oapwyc,5,nearest,7.5,0.9863324884462824,0.9736840799974844,0.9716356893753058,1.0,1.0,1.0,0.15687295406519822,0.18468684279471984,0.18512488357090104,0.0,0.0,0.0
oasthu,5,nearest,7.5,0.9999999999993358,0.9999999999993358,0.9999999999993358,1.0,1.0,1.0,0.08914553383486636,0.10536003438656917,0.1118859132917415,0.0,0.0,0.0
obacva,5,nearest,7.5,0.9894215511502505,0.9836932651202905,0.9810027368389233,1.0,1.0,1.0,0.0679319968927896,0.09412346230633978,0.10523773699698358,0.0,0.0,0.0
obceoo,5,nearest,7.5,1.0,1.0,1.0,1.0,1.0,1.0,0.0,0.0,0.0,0.0,0.0,0.0
obheuj,5,nearest,7.5,0.9999999999993635,0.9999999999993635,0.9999999999993635,1.0,1.0,1.0,0.10981845302780774,0.12829593887816113,0.14329504666509182,0.0,0.0,0.0
oblyag,5,nearest,7.5,0.9999999999997762,0.9999999999997762,0.9999999999997762,1.0,1.0,1.0,0.030752834492566498,0.021628428223031484,0.017122543494462857,0.0,0.0,0.0
obsimj,5,nearest,7.5,0.9999999999995227,0.9999999999995227,0.9999999999995227,1.0,1.0,1.0,0.08335703906819855,0.10458650937621013,0.10408112498089249,0.0,0.0,0.0
occeyd,5,nearest,7.5,1.0,1.0,1.0,1.0,1.0,1.0,0.0,0.0,0.0,0.0,0.0,0.0
occrok,5,nearest,7.5,1.0,1.0,1.0,1.0,1.0,1.0,0.0,0.0,0.0,0.0,0.0,0.0
ochotc,5,nearest,7.5,0.9703091417825624,0.953458258606849,0.9461307196235544,1.0,1.0,1.0,0.3351924806123148,0.4349501431990235,0.46780444373262353,0.0,0.0,0.0
ochtin,5,nearest,7.5,0.9999999999980905,0.9999999999980905,0.9999999999980905,1.0,1.0,1.0,0.3269729633569502,0.38752729880981174,0.40595656759815346,0.0,0.0,0.0
ocjeng,5,nearest,7.5,1.0,1.0,1.0,1.0,1.0,1.0,0.0,0.0,0.0,0.0,0.0,0.0
ockiho,5,nearest,7.5,1.0,1.0,1.0,1.0,1.0,1.0,0.0,0.0,0.0,0.0,0.0,0.0
ockoac,5,nearest,7.5,0.9999999999980905,0.9999999999980905,0.9999999999980905,1.0,1.0,1.0,0.3370879337243923,0.3743649520157221,0.393170429517939,0.0,0.0,0.0
ockolr,5,nearest,7.5,1.0,1.0,1.0,1.0,1.0,1.0,0.0,0.0,0.0,0.0,0.0,0.0
ocshit,5,nearest,7.5,0.9852004197085703,0.9693192927422677,0.9706172347487948,1.0,1.0,1.0,0.17842817945218267,0.2614337606434101,0.26487076709585505,0.0,0.0,0.0
ocwyit,5,nearest,7.5,1.0,1.0,1.0,1.0,1.0,1.0,0.0,0.0,0.0,0.0,0.0,0.0
odklob,5,nearest,7.5,0.9999999999989755,0.9999999999989755,0.9999999999989755,1.0,1.0,1.0,0.145040995925473,0.17009656626406364,0.1764372712362529,0.0,0.0,0.0
odlorh,5,nearest,7.5,0.982192370605178,0.9739315331359347,0.9700649042050099,1.0,1.0,1.0,0.22519993922399667,0.2646136331003628,0.27791653205923306,0.0,0.0,0.0
odocje,5,nearest,7.5,0.9875901593393519,0.9834181660624798,0.981990146488881,1.0,1.0,1.0,0.15660247263071345,0.17299795946646768,0.1794306963886067,0.0,0.0,0.0
odolfe,5,nearest,7.5,0.9999999999989229,0.9999999999989229,0.9999999999989229,1.0,1.0,1.0,0.17249530942831223,0.21466347667626606,0.21351986532740744,0.0,0.0,0.0
odoywu,5,nearest,7.5,1.0,1.0,1.0,1.0,1.0,1.0,0.0,0.0,0.0,0.0,0.0,0.0
odscix,5,nearest,7.5,1.0,1.0,1.0,1.0,1.0,1.0,0.0,0.0,0.0,0.0,0.0,0.0
ofikco,5,nearest,7.5,0.9890405334911563,0.9866557473016683,0.9855833094745085,1.0,1.0,1.0,0.09462816200509581,0.11283728903130881,0.1221377056272911,0.0,0.0,0.0
ofjeeq,5,nearest,7.5,0.9999999999995614,0.9999999999995614,0.9999999999995614,1.0,1.0,1.0,0.07022092335648922,0.08902654161847035,0.1003800397776748,0.0,0.0,0.0
ofodwo,5,nearest,7.5,0.9999999999995507,0.9999999999995507,0.9999999999995507,1.0,1.0,1.0,0.060832506715274445,0.02962343783846114,0.03157859255265618,0.0,0.0,0.0
ogawje,5,nearest,7.5,0.9999999999996236,0.9999999999996236,0.9999999999996236,1.0,1.0,1.0,0.06296922534845822,0.07247219195365086,0.07912996702855472,0.0,0.0,0.0
ogdygd,5,nearest,7.5,0.9999999999997057,0.9999999999997057,0.9999999999997057,1.0,1.0,1.0,0.04914309462047734,0.050573448951008175,0.04724965791145389,0.0,0.0,0.0
ogijtr,5,nearest,7.5,1.0,1.0,1.0,1.0,1.0,1.0,0.0,0.0,0.0,0.0,0.0,0.0
ogikli,5,nearest,7.5,1.0,1.0,1.0,1.0,1.0,1.0,0.0,0.0,0.0,0.0,0.0,0.0
ogjoch,5,nearest,7.5,0.9902786649330456,0.9833099663393752,0.9831783559119787,1.0,1.0,1.0,0.07486254525372898,0.10377979968283038,0.11712108031032484,0.0,0.0,0.0
ognoww,5,nearest,7.5,0.9999999999993505,0.9999999999993505,0.9999999999993505,1.0,1.0,1.0,0.11529723721256974,0.1185658994448211,0.1220797446273983,0.0,0.0,0.0
ogofvo,5,nearest,7.5,0.9999999999993567,0.9999999999993567,0.9999999999993567,1.0,1.0,1.0,0.07244305654241709,0.08625960656878393,0.08684183600126406,0.0,0.0,0.0
ogphag,5,nearest,7.5,0.9999999999996276,0.9999999999996276,0.9999999999996276,1.0,1.0,1.0,0.07626311948869487,0.09821614105503663,0.08974901978790824,0.0,0.0,0.0
ogshtc,5,nearest,7.5,0.9999999999995965,0.9999999999995965,0.9999999999995965,1.0,1.0,1.0,0.06416196140065875,0.07778709922760331,0.07913240752416083,0.0,0.0,0.0
ogurju,5,nearest,7.5,0.9999999999995133,0.9999999999995133,0.9999999999995133,1.0,1.0,1.0,0.07486766713623065,0.07496556239628716,0.0699030236227773,0.0,0.0,0.0
oiphye,5,nearest,7.5,0.9999999999980905,0.9999999999980905,0.9999999999980905,1.0,1.0,1.0,0.2594834652341707,0.2165116998488371,0.22007727533267868,0.0,0.0,0.0
oipial,5,nearest,7.5,0.9999999999995894,0.9999999999995894,0.9999999999995894,1.0,1.0,1.0,0.06579722786869724,0.0808948799698707,0.08513911096397331,0.0,0.0,0.0
oirzgo,5,nearest,7.5,0.9999999999985731,0.9999999999985731,0.9999999999985731,1.0,1.0,1.0,0.17310002854034498,0.13845522399018245,0.14050290108882382,0.0,0.0,0.0
oivnab,5,nearest,7.5,0.9999999999995,0.9999999999995,0.9999999999995,1.0,1.0,1.0,0.06989093611535843,0.07668138190231602,0.07951426698660319,0.0,0.0,0.0
ojachm,5,nearest,7.5,0.9999999999995349,0.9999999999995349,0.9999999999995349,1.0,1.0,1.0,0.06875489005507364,0.06999498111781605,0.07061866057674861,0.0,0.0,0.0
ojbaso,5,nearest,7.5,0.9999999999997248,0.9999999999997248,0.9999999999997248,1.0,1.0,1.0,0.049243052717765225,0.05851626199613023,0.06145959975226555,0.0,0.0,0.0
ojfann,5,nearest,7.5,0.9999999999991642,0.9999999999991642,0.9999999999991642,1.0,1.0,1.0,0.1426292150902802,0.1532249578698777,0.15150042164572153,0.0,0.0,0.0
ojfiez,5,nearest,7.5,1.0,1.0,1.0,1.0,1.0,1.0,0.0,0.0,0.0,0.0,0.0,0.0
ojpoot,5,nearest,7.5,0.9999999999991677,0.9999999999991677,0.9999999999991677,1.0,1.0,1.0,0.13658627907137477,0.1446977894974912,0.14851516470771348,0.0,0.0,0.0
ojroig,5,nearest,7.5,0.999999999999267,0.999999999999267,0.999999999999267,1.0,1.0,1.0,0.1228729290221931,0.15198251116354333,0.15821832592857785,0.0,0.0,0.0
ojumna,5,nearest,7.5,0.9999999999997153,0.9999999999997153,0.9999999999997153,1.0,1.0,1.0,0.05483357784619411,0.06994219420245039,0.06967573333431228,0.0,0.0,0.0
ojvigh,5,nearest,7.5,0.9999999999990071,0.9999999999990071,0.9999999999990071,1.0,1.0,1.0,0.17530955799883324,0.2118125884028032,0.23174675510058407,0.0,0.0,0.0
ojwyky,5,nearest,7.5,0.9999999999987368,0.9999999999987368,0.9999999999987368,1.0,1.0,1.0,0.16913943069934065,0.16316607903939512,0.1642174200882144,0.0,0.0,0.0
okavka,5,nearest,7.5,0.9999999999997464,0.9999999999997464,0.9999999999997464,1.0,1.0,1.0,0.06060572015442272,0.07133294263375667,0.07896195804379459,0.0,0.0,0.0
okblah,5,nearest,7.5,0.9999999999990764,0.9999999999990764,0.9999999999990764,1.0,1.0,1.0,0.13401138502259105,0.13348938420190296,0.12962397118803812,0.0,0.0,0.0
okchym,5,nearest,7.5,0.9999999999992442,0.9999999999992442,0.9999999999992442,1.0,1.0,1.0,0.13468583615909996,0.16968896333664643,0.16896747994933645,0.0,0.0,0.0
okneyd,5,nearest,7.5,1.0,1.0,1.0,1.0,1.0,1.0,0.0,0.0,0.0,0.0,0.0,0.0
oknsco,5,nearest,7.5,0.9999999999996384,0.9999999999996384,0.9999999999996384,1.0,1.0,1.0,0.06773564993403317,0.08504078667733296,0.08986647353199223,0.0,0.0,0.0
okquak,5,nearest,7.5,1.0,1.0,1.0,1.0,1.0,1.0,0.0,0.0,0.0,0.0,0.0,0.0
oksbos,5,nearest,7.5,0.9999999999994009,0.9999999999994009,0.9999999999994009,1.0,1.0,1.0,0.12156012049906675,0.1544428993509571,0.15384668269675092,0.0,0.0,0.0
oktuls,5,nearest,7.5,0.9999999999991932,0.9999999999991932,0.9999999999991932,1.0,1.0,1.0,0.08967011201418942,0.10460392834683381,0.11544507074566471,0.0,0.0,0.0
okvats,5,nearest,7.5,0.9999999999995814,0.9999999999995814,0.9999999999995814,1.0,1.0,1.0,0.15362861253734958,0.18492942802351128,0.1791935317125944,0.0,0.0,0.0
oljnek,5,nearest,7.5,0.9709884354012775,0.9426539257846664,0.9336253509659641,1.0,1.0,1.0,0.16707139904095508,0.26959549954387735,0.2963868474855134,0.0,0.0,0.0
omcuky,5,nearest,7.5,0.9999999999996841,0.9999999999996841,0.9999999999996841,1.0,1.0,1.0,0.04084624375493337,0.05064373702220209,0.05642651532094791,0.0,0.0,0.0
omdrid,5,nearest,7.5,0.9999999999996722,0.9999999999996722,0.9999999999996722,1.0,1.0,1.0,0.06371704168120261,0.0805394963543368,0.08023266262738991,0.0,0.0,0.0
omluaj,5,nearest,7.5,0.9999999999994733,0.9999999999994733,0.9999999999994733,1.0,1.0,1.0,0.09513973475715841,0.11854825099696767,0.12294768426891008,0.0,0.0,0.0
omwyek,5,nearest,7.5,0.9999999999989891,0.9999999999989891,0.9999999999989891,1.0,1.0,1.0,0.18713635922688693,0.23716009869246543,0.23622315311187467,0.0,0.0,0.0
oncalk,5,nearest,7.5,1.0,1.0,1.0,1.0,1.0,1.0,0.0,0.0,0.0,0.0,0.0,0.0
oncixp,5,nearest,7.5,0.9999999999996227,0.9999999999996227,0.9999999999996227,1.0,1.0,1.0,0.06273332220618819,0.060709127828858206,0.06541277749247998,0.0,0.0,0.0
onghoj,5,nearest,7.5,1.0,1.0,1.0,1.0,1.0,1.0,0.0,0.0,0.0,0.0,0.0,0.0
onkawc,5,nearest,7.5,1.0,1.0,1.0,1.0,1.0,1.0,0.0,0.0,0.0,0.0,0.0,0.0
ononma,5,nearest,7.5,0.999999999999388,0.999999999999388,0.999999999999388,1.0,1.0,1.0,0.1340142749659528,0.15206180309599224,0.14820971192056767,0.0,0.0,0.0
onvahe,5,nearest,7.5,0.9901919802670698,0.9877944495635851,0.9866857211357646,1.0,1.0,1.0,0.19292845607765843,0.2109281962541931,0.21202173430365437,0.0,0.0,0.0
onwohy,5,nearest,7.5,0.9999999999990734,0.9999999999990734,0.9999999999990734,1.0,1.0,1.0,0.25781614765147853,0.28108013782280494,0.272648843849784,0.0,0.0,0.0
onyacj,5,nearest,7.5,0.9999999999998455,0.9999999999998455,0.9999999999998455,1.0,1.0,1.0,0.022964515934071603,0.016714297096777544,0.01329717742199092,0.0,0.0,0.0
onyenr,5,nearest,7.5,0.9999999999997249,0.9999999999997249,0.9999999999997249,1.0,1.0,1.0,0.0471062743819335,0.05583020406582034,0.05848526821329329,0.0,0.0,0.0
oocsod,5,nearest,7.5,0.9999999999992699,0.9999999999992699,0.9999999999992699,1.0,1.0,1.0,0.10947254277205154,0.11500492644024839,0.060602363424959116,0.0,0.0,0.0
oogchy,5,nearest,7.5,0.9999999999994009,0.9999999999994009,0.9999999999994009,1.0,1.0,1.0,0.10353057306024233,0.12735892316804823,0.14394614136024295,0.0,0.0,0.0
ootyec,5,nearest,7.5,0.9999999999995757,0.9999999999995757,0.9999999999995757,1.0,1.0,1.0,0.09083723731699836,0.10770162392619236,0.1167502576730004,0.0,0.0,0.0
oowfmu,5,nearest,7.5,1.0,1.0,1.0,1.0,1.0,1.0,0.0,0.0,0.0,0.0,0.0,0.0
opgove,5,nearest,7.5,0.9999999999993403,0.9999999999993403,0.9999999999993403,1.0,1.0,1.0,0.10502145321576278,0.12630698255864695,0.14060860613697307,0.0,0.0,0.0
ophgir,5,nearest,7.5,1.0,1.0,1.0,1.0,1.0,1.0,0.0,0.0,0.0,0.0,0.0,0.0
ophugb,5,nearest,7.5,1.0,1.0,1.0,1.0,1.0,1.0,0.0,0.0,0.0,0.0,0.0,0.0
opjerm,5,nearest,7.5,1.0,1.0,1.0,1.0,1.0,1.0,0.0,0.0,0.0,0.0,0.0,0.0
opmisa,5,nearest,7.5,0.9999999999996934,0.9999999999996934,0.9999999999996934,1.0,1.0,1.0,0.057860844441193965,0.07356354814047328,0.07327807709135475,0.0,0.0,0.0
opnown,5,nearest,7.5,0.9999999999991678,0.9999999999991678,0.9999999999991678,1.0,1.0,1.0,0.160577279667613,0.20444641382254727,0.20366752820798972,0.0,0.0,0.0
oquiat,5,nearest,7.5,0.9810686360215815,0.9659310786564942,0.9599176075452519,1.0,1.0,1.0,0.22754692641130303,0.3114707808405855,0.2996883609020263,0.0,0.0,0.0
orkbat,5,nearest,7.5,0.9999999999993463,0.9999999999993463,0.9999999999993463,1.0,1.0,1.0,0.10869827856846208,0.13424566854771,0.14142243928705137,0.0,0.0,0.0
orocdu,5,nearest,7.5,1.0,1.0,1.0,1.0,1.0,1.0,0.0,0.0,0.0,0.0,0.0,0.0
orptme,5,nearest,7.5,0.9805521410082493,0.9780360919902985,0.9757973665522389,1.0,1.0,1.0,0.10946738647317782,0.11954385489381007,0.12811135183621353,0.0,0.0,0.0
orrrar,5,nearest,7.5,0.9999999999994116,0.9999999999994116,0.9999999999994116,1.0,1.0,1.0,0.10893109519463325,0.13582212610707925,0.13910303370960037,0.0,0.0,0.0
osacmu,5,nearest,7.5,1.0,1.0,1.0,1.0,1.0,1.0,0.0,0.0,0.0,0.0,0.0,0.0
osckro,5,nearest,7.5,0.999999999999665,0.999999999999665,0.999999999999665,1.0,1.0,1.0,0.05778922530998469,0.07216400986644066,0.07183588481870663,0.0,0.0,0.0
oshyon,5,nearest,7.5,0.9999999999991276,0.9999999999991276,0.9999999999991276,1.0,1.0,1.0,0.16328392812499784,0.19386672360084514,0.2120472239326609,0.0,0.0,0.0
osocce,5,nearest,7.5,0.9899716320004156,0.9843641439377742,0.9884423106629486,1.0,1.0,1.0,0.08921442612197357,0.11729177349669195,0.10690110343981667,0.0,0.0,0.0
otasfi,5,nearest,7.5,0.9999999999998711,0.9999999999998711,0.9999999999998711,1.0,1.0,1.0,0.0174540525596568,0.008499551784874926,0.009060524445487848,0.0,0.0,0.0
otfaho,5,nearest,7.5,0.9999999999990453,0.9999999999990453,0.9999999999990453,1.0,1.0,1.0,0.17086822573860533,0.20661228181762736,0.2104005556526305,0.0,0.0,0.0
otmego,5,nearest,7.5,1.0,1.0,1.0,1.0,1.0,1.0,0.0,0.0,0.0,0.0,0.0,0.0
otscok,5,nearest,7.5,0.9999999999993964,0.9999999999993964,0.9999999999993964,1.0,1.0,1.0,0.09700996934643301,0.08613124143443628,0.08234922150218307,0.0,0.0,0.0
otswra,5,nearest,7.5,1.0,1.0,1.0,1.0,1.0,1.0,0.0,0.0,0.0,0.0,0.0,0.0
otvasd,5,nearest,7.5,0.9843921523178849,0.9723005259420552,0.9703825323519188,1.0,1.0,1.0,0.21360603309868695,0.24403247572104986,0.2621543270661723,0.0,0.0,0.0
ouvdan,5,nearest,7.5,0.9999999999993391,0.9999999999993391,0.9999999999993391,1.0,1.0,1.0,0.11517261946570409,0.1416279664098852,0.14411937734958263,0.0,0.0,0.0
ovkojy,5,nearest,7.5,1.0,1.0,1.0,1.0,1.0,1.0,0.0,0.0,0.0,0.0,0.0,0.0
ovnacg,5,nearest,7.5,1.0,1.0,1.0,1.0,1.0,1.0,0.0,0.0,0.0,0.0,0.0,0.0
ovyijn,5,nearest,7.5,0.9999999999997291,0.9999999999997291,0.9999999999997291,1.0,1.0,1.0,0.04655296168619138,0.058345369679249894,0.05808007708746494,0.0,0.0,0.0
owbsus,5,nearest,7.5,0.9999999999996938,0.9999999999996938,0.9999999999996938,1.0,1.0,1.0,0.05926473712003727,0.07522085036867306,0.07493427924633585,0.0,0.0,0.0
owgves,5,nearest,7.5,0.9999999999991048,0.9999999999991048,0.9999999999991048,1.0,1.0,1.0,0.1652475613374216,0.20983208715040355,0.2089760322212546,0.0,0.0,0.0
owhagm,5,nearest,7.5,0.9999999999992477,0.9999999999992477,0.9999999999992477,1.0,1.0,1.0,0.09479269739986544,0.11320180460047018,0.12521422587536246,0.0,0.0,0.0
owufre,5,nearest,7.5,1.0,1.0,1.0,1.0,1.0,1.0,0.0,0.0,0.0,0.0,0.0,0.0
oxdogh,5,nearest,7.5,0.9999999999998006,0.9999999999998006,0.9999999999998006,1.0,1.0,1.0,0.023729739103509475,0.028333554463367577,0.030963012523480247,0.0,0.0,0.0
oyclsd,5,nearest,7.5,0.9999999999990025,0.9999999999990025,0.9999999999990025,1.0,1.0,1.0,0.16363024853449218,0.19777915595700266,0.21472589333757294,0.0,0.0,0.0
oydtes,5,nearest,7.5,0.9999999999993524,0.9999999999993524,0.9999999999993524,1.0,1.0,1.0,0.11601640262362899,0.13209358808403085,0.139605449128798,0.0,0.0,0.0
oygmeb,5,nearest,7.5,1.0,1.0,1.0,1.0,1.0,1.0,0.0,0.0,0.0,0.0,0.0,0.0
ubgiho,5,nearest,7.5,1.0,1.0,1.0,1.0,1.0,1.0,0.0,0.0,0.0,0.0,0.0,0.0
ubjajo,5,nearest,7.5,0.9999999999994845,0.9999999999994845,0.9999999999994845,1.0,1.0,1.0,0.10062161737488923,0.10713272821483494,0.1072874904164858,0.0,0.0,0.0
ubjaju,5,nearest,7.5,0.8773591474738807,0.8466184106648487,0.8444963044014389,1.0,1.0,1.0,0.6595454256646796,0.7716200223873415,0.7789473210679934,0.0,0.0,0.0
ubnank,5,nearest,7.5,0.9999999999993989,0.9999999999993989,0.9999999999993989,1.0,1.0,1.0,0.11575977545307646,0.14765574331628417,0.14709321481688148,0.0,0.0,0.0
ubzach,5,nearest,7.5,0.9999999999994792,0.9999999999994792,0.9999999999994792,1.0,1.0,1.0,0.10630851153458366,0.12352704580856758,0.1359354588217211,0.0,0.0,0.0
ucbiya,5,nearest,7.5,1.0,1.0,1.0,1.0,1.0,1.0,0.0,0.0,0.0,0.0,0.0,0.0
ucdewy,5,nearest,7.5,0.9999999999991196,0.9999999999991196,0.9999999999991196,1.0,1.0,1.0,0.09730250918501435,0.08533388659028664,0.09197847046973555,0.0,0.0,0.0
ucgewf,5,nearest,7.5,0.9999999999997822,0.9999999999997822,0.9999999999997822,1.0,1.0,1.0,0.026907854359932235,0.0316624269662351,0.03511822673136644,0.0,0.0,0.0
uchjaf,5,nearest,7.5,1.0,1.0,1.0,1.0,1.0,1.0,0.0,0.0,0.0,0.0,0.0,0.0
ucovla,5,nearest,7.5,0.9999999999990195,0.9999999999990195,0.9999999999990195,1.0,1.0,1.0,0.1547817445937053,0.18259184777158693,0.19041572011472968,0.0,0.0,0.0
ucvepn,5,nearest,7.5,0.9999999999990165,0.9999999999990165,0.9999999999990165,1.0,1.0,1.0,0.16815676168738228,0.1754091620522703,0.16416530309123337,0.0,0.0,0.0
udguic,5,nearest,7.5,0.9999999999996558,0.9999999999996558,0.9999999999996558,1.0,1.0,1.0,0.04738213266979604,0.05607798526314636,0.0595983328045318,0.0,0.0,0.0
udthon,5,nearest,7.5,0.9999999999990282,0.9999999999990282,0.9999999999990282,1.0,1.0,1.0,0.16558028644263434,0.20534079759202406,0.20708405921356565,0.0,0.0,0.0
udtiog,5,nearest,7.5,1.0,1.0,1.0,1.0,1.0,1.0,0.0,0.0,0.0,0.0,0.0,0.0
udveoy,5,nearest,7.5,1.0,1.0,1.0,1.0,1.0,1.0,0.0,0.0,0.0,0.0,0.0,0.0
udwadl,5,nearest,7.5,1.0,1.0,1.0,1.0,1.0,1.0,0.0,0.0,0.0,0.0,0.0,0.0
udwebi,5,nearest,7.5,0.9999999999994444,0.9999999999994444,0.9999999999994444,1.0,1.0,1.0,0.08994675500345,0.0791048093133172,0.0801082990616198,0.0,0.0,0.0
udwiul,5,nearest,7.5,0.9999999999993316,0.9999999999993316,0.9999999999993316,1.0,1.0,1.0,0.19003592451626117,0.20088317602965036,0.2098601440766451,0.0,0.0,0.0
ufdoyn,5,nearest,7.5,1.0,1.0,1.0,1.0,1.0,1.0,0.0,0.0,0.0,0.0,0.0,0.0
ugatna,5,nearest,7.5,0.9890935354426786,0.9880662551925922,0.985668964197395,1.0,1.0,1.0,0.09574040321441443,0.10839535548191556,0.11671054802317687,0.0,0.0,0.0
ugdifb,5,nearest,7.5,1.0,1.0,1.0,1.0,1.0,1.0,0.0,0.0,0.0,0.0,0.0,0.0
uggdye,5,nearest,7.5,0.999999999999167,0.999999999999167,0.999999999999167,1.0,1.0,1.0,0.1578722659619592,0.18147888293202544,0.174299455642768,0.0,0.0,0.0
ugifma,5,nearest,7.5,1.0,1.0,1.0,1.0,1.0,1.0,0.0,0.0,0.0,0.0,0.0,0.0
ugthfu,5,nearest,7.5,0.9999999999987645,0.9999999999987645,0.9999999999987645,1.0,1.0,1.0,0.2137150928360538,0.25925588844344055,0.2918804658389318,0.0,0.0,0.0
ujhuki,5,nearest,7.5,0.999999999999642,0.999999999999642,0.999999999999642,1.0,1.0,1.0,0.05374395927749695,0.06642760289365814,0.06601894851967649,0.0,0.0,0.0
ujkiwe,5,nearest,7.5,1.0,1.0,1.0,1.0,1.0,1.0,0.0,0.0,0.0,0.0,0.0,0.0
ujnaww,5,nearest,7.5,1.0,1.0,1.0,1.0,1.0,1.0,0.0,0.0,0.0,0.0,0.0,0.0
ujtosh,5,nearest,7.5,0.999999999999464,0.999999999999464,0.999999999999464,1.0,1.0,1.0,0.15882952500266778,0.20060588837606066,0.1868731828417193,0.0,0.0,0.0
ujtrud,5,nearest,7.5,0.9999999999989528,0.9999999999989528,0.9999999999989528,1.0,1.0,1.0,0.23725188874898928,0.2874522111465419,0.3143812221426329,0.0,0.0,0.0
ukgoaf,5,nearest,7.5,1.0,1.0,1.0,1.0,1.0,1.0,0.0,0.0,0.0,0.0,0.0,0.0
uklsdr,5,nearest,7.5,0.9999999999992156,0.9999999999992156,0.9999999999992156,1.0,1.0,1.0,0.1341279495588851,0.15714886290903252,0.1566749986405751,0.0,0.0,0.0
uljior,5,nearest,7.5,0.9999999999995554,0.9999999999995554,0.9999999999995554,1.0,1.0,1.0,0.07079850630717245,0.06728437641096496,0.07220841094477062,0.0,0.0,0.0
umhenw,5,nearest,7.5,1.0,1.0,1.0,1.0,1.0,1.0,0.0,0.0,0.0,0.0,0.0,0.0
umsmth,5,nearest,7.5,0.9999999999993902,0.9999999999993902,0.9999999999993902,1.0,1.0,1.0,0.14758269688638823,0.17701927188841904,0.16801017375877558,0.0,0.0,0.0
umvohu,5,nearest,7.5,0.9999999999993335,0.9999999999993335,0.9999999999993335,1.0,1.0,1.0,0.1574865828206923,0.19040459611837715,0.19182123940623635,0.0,0.0,0.0
unquek,5,nearest,7.5,1.0,1.0,1.0,1.0,1.0,1.0,0.0,0.0,0.0,0.0,0.0,0.0
upchim,5,nearest,7.5,0.9999999999996841,0.9999999999996841,0.9999999999996841,1.0,1.0,1.0,0.048950589562493325,0.06071156543733792,0.06036312719053907,0.0,0.0,0.0
upsjav,5,nearest,7.5,0.9999999999998727,0.9999999999998727,0.9999999999998727,1.0,1.0,1.0,0.022774911881966415,0.02706377117321023,0.028425064885422815,0.0,0.0,0.0
urfhod,5,nearest,7.5,0.9999999999990787,0.9999999999990787,0.9999999999990787,1.0,1.0,1.0,0.1363291860611685,0.12429652284918394,0.11736163430018275,0.0,0.0,0.0
usbekh,5,nearest,7.5,0.9999999999980905,0.9999999999980905,0.9999999999980905,1.0,1.0,1.0,0.3677075220274193,0.46902412582819686,0.46723727059479986,0.0,0.0,0.0
ushfeo,5,nearest,7.5,0.9999999999994227,0.9999999999994227,0.9999999999994227,1.0,1.0,1.0,0.08152231555450404,0.10025514540496465,0.09955757907869371,0.0,0.0,0.0
uthomo,5,nearest,7.5,1.0,1.0,1.0,1.0,1.0,1.0,0.0,0.0,0.0,0.0,0.0,0.0
uthsyi,5,nearest,7.5,1.0,1.0,1.0,1.0,1.0,1.0,0.0,0.0,0.0,0.0,0.0,0.0
utjanr,5,nearest,7.5,0.999999999999774,0.999999999999774,0.999999999999774,1.0,1.0,1.0,0.03880683100432376,0.04867868121168187,0.04845734242208616,0.0,0.0,0.0
utkibe,5,nearest,7.5,1.0,1.0,1.0,1.0,1.0,1.0,0.0,0.0,0.0,0.0,0.0,0.0
utlurv,5,nearest,7.5,0.9999999999995522,0.9999999999995522,0.9999999999995522,1.0,1.0,1.0,0.07096920485187488,0.08446506372559742,0.09111560443456354,0.0,0.0,0.0
uttorh,5,nearest,7.5,0.9869923066525284,0.9796022341744642,0.976760469050787,1.0,1.0,1.0,0.13609270734979412,0.1752134788819542,0.1903355108643481,0.0,0.0,0.0
utvoho,5,nearest,7.5,1.0,1.0,1.0,1.0,1.0,1.0,0.0,0.0,0.0,0.0,0.0,0.0
utwoab,5,nearest,7.5,0.9942331746979459,0.9884584629093912,0.9886799163953232,1.0,1.0,1.0,0.1448973255399857,0.19170782493921634,0.18410834723265723,0.0,0.0,0.0
uvburk,5,nearest,7.5,1.0,1.0,1.0,1.0,1.0,1.0,0.0,0.0,0.0,0.0,0.0,0.0
uvigch,5,nearest,7.5,0.9999999999996503,0.9999999999996503,0.9999999999996503,1.0,1.0,1.0,0.04058872507758289,0.026658377052617567,0.020920546164716596,0.0,0.0,0.0
uvjeah,5,nearest,7.5,1.0,1.0,1.0,1.0,1.0,1.0,0.0,0.0,0.0,0.0,0.0,0.0
uvjova,5,nearest,7.5,1.0,1.0,1.0,1.0,1.0,1.0,0.0,0.0,0.0,0.0,0.0,0.0
uvreoi,5,nearest,7.5,0.9999999999993917,0.9999999999993917,0.9999999999993917,1.0,1.0,1.0,0.09987137103571017,0.11808727829482757,0.12342162206560714,0.0,0.0,0.0
