user_id,sample_interval_min,interpolation_method,taxi
abboip,15,linear,2014
abboip,15,nearest,1028
abcoij,15,linear,1147
abcoij,15,nearest,24
abdrem,15,linear,2006
abdrem,15,nearest,1191
abgibo,15,linear,2015
abgibo,15,nearest,1156
abjool,15,linear,2015
abjool,15,nearest,310
abmuya,15,linear,1986
abmuya,15,nearest,1011
abniar,15,linear,2015
abniar,15,nearest,1319
abnovk,15,linear,1990
abnovk,15,nearest,942
abtyff,15,linear,2013
abtyff,15,nearest,1073
abwecn,15,linear,2015
abwecn,15,nearest,1120
abyalw,15,linear,2014
abyalw,15,nearest,1045
acdiyi,15,linear,2014
acdiyi,15,nearest,534
acduou,15,linear,2015
acduou,15,nearest,1044
acgerl,15,linear,1373
acgerl,15,nearest,646
acitva,15,linear,2015
acitva,15,nearest,621
ackgri,15,linear,1183
ackgri,15,nearest,526
acpegh,15,linear,2014
acpegh,15,nearest,1364
acvebr,15,linear,1988
acvebr,15,nearest,1049
adkavy,15,linear,2015
adkavy,15,nearest,665
adners,15,linear,2015
adners,15,nearest,1107
adpaif,15,linear,1983
adpaif,15,nearest,1126
aducri,15,linear,2015
aducri,15,nearest,1004
afmorc,15,linear,2015
afmorc,15,nearest,975
afpans,15,linear,2015
afpans,15,nearest,1211
afsfat,15,linear,2005
afsfat,15,nearest,902
afweka,15,linear,2014
afweka,15,nearest,1064
agcowk,15,linear,2015
agcowk,15,nearest,895
agdrea,15,linear,2015
agdrea,15,nearest,899
aggjuo,15,linear,2016
aggjuo,15,nearest,1304
agivle,15,linear,2015
agivle,15,nearest,1193
agjitf,15,linear,2015
agjitf,15,nearest,1295
agsuec,15,linear,2013
agsuec,15,nearest,966
agvexp,15,linear,2012
agvexp,15,nearest,854
agyamk,15,linear,2008
agyamk,15,nearest,382
aichas,15,linear,2015
aichas,15,nearest,803
ailbcu,15,linear,2011
ailbcu,15,nearest,728
aimidd,15,linear,2015
aimidd,15,nearest,990
ainpli,15,linear,2014
ainpli,15,nearest,1175
aitpyg,15,linear,2015
aitpyg,15,nearest,1154
aivtyt,15,linear,1649
aivtyt,15,nearest,807
aiwalb,15,linear,2015
aiwalb,15,nearest,972
ajixdo,15,linear,1634
ajixdo,15,nearest,794
ajsips,15,linear,2014
ajsips,15,nearest,1186
ajsned,15,linear,2014
ajsned,15,nearest,1179
ajthof,15,linear,1984
ajthof,15,nearest,1030
ajtreo,15,linear,2010
ajtreo,15,nearest,496
akgicj,15,linear,2015
akgicj,15,nearest,1206
akvutv,15,linear,2015
akvutv,15,nearest,1147
akyeer,15,linear,1979
akyeer,15,nearest,1056
aldhid,15,linear,2012
aldhid,15,nearest,692
alnihi,15,linear,2015
alnihi,15,nearest,1180
alshet,15,linear,2013
alshet,15,nearest,1046
amciuc,15,linear,1980
amciuc,15,nearest,902
amknyw,15,linear,2015
amknyw,15,nearest,1152
amnurg,15,linear,1685
amnurg,15,nearest,642
amvefa,15,linear,2015
amvefa,15,nearest,711
amwibs,15,linear,2015
amwibs,15,nearest,1239
ancedv,15,linear,692
ancedv,15,nearest,357
ancorj,15,linear,2010
ancorj,15,nearest,802
ancycl,15,linear,2012
ancycl,15,nearest,869
andyol,15,linear,2015
andyol,15,nearest,1310
aniajc,15,linear,2015
aniajc,15,nearest,1129
anidgi,15,linear,2015
anidgi,15,nearest,1046
ankped,15,linear,2015
ankped,15,nearest,1214
ansyut,15,linear,2004
ansyut,15,nearest,1006
anucks,15,linear,2015
anucks,15,nearest,1105
anupwr,15,linear,2015
anupwr,15,nearest,710
apigcy,15,linear,2015
apigcy,15,nearest,1199
appsri,15,linear,2014
appsri,15,nearest,898
apssky,15,linear,2015
apssky,15,nearest,1126
aquawa,15,linear,2015
aquawa,15,nearest,1086
arcksy,15,linear,2015
arcksy,15,nearest,1277
arcuim,15,linear,2013
arcuim,15,nearest,941
arcurb,15,linear,2015
arcurb,15,nearest,1197
arhilb,15,linear,2015
arhilb,15,nearest,1162
arlwra,15,linear,2014
arlwra,15,nearest,1115
arphau,15,linear,2015
arphau,15,nearest,1155
artgag,15,linear,1800
artgag,15,nearest,1187
ascley,15,linear,1990
ascley,15,nearest,1236
ashgat,15,linear,961
ashgat,15,nearest,635
asigno,15,linear,2015
asigno,15,nearest,1354
askmec,15,linear,2015
askmec,15,nearest,961
aslagn,15,linear,2008
aslagn,15,nearest,916
aswift,15,linear,2015
aswift,15,nearest,1291
atcila,15,linear,2015
atcila,15,nearest,1086
atfrav,15,linear,1505
atfrav,15,nearest,573
atfrim,15,linear,2013
atfrim,15,nearest,1026
atidfi,15,linear,2015
atidfi,15,nearest,1245
atnokv,15,linear,2012
atnokv,15,nearest,872
atsfiv,15,linear,333
atsfiv,15,nearest,174
atzumb,15,linear,2015
atzumb,15,nearest,1049
aucjun,15,linear,1643
aucjun,15,nearest,333
auctji,15,linear,2015
auctji,15,nearest,1011
aupcli,15,linear,545
aupcli,15,nearest,227
aurjye,15,linear,2015
aurjye,15,nearest,689
avdyab,15,linear,2015
avdyab,15,nearest,974
avglyb,15,linear,2015
avglyb,15,nearest,539
aviltl,15,linear,2013
aviltl,15,nearest,1045
avpavi,15,linear,2015
avpavi,15,nearest,965
awnbeb,15,linear,1976
awnbeb,15,nearest,880
awrenb,15,linear,2013
awrenb,15,nearest,1348
awribi,15,linear,1930
awribi,15,nearest,946
aydwah,15,linear,1937
aydwah,15,nearest,1272
ayfsdu,15,linear,2015
ayfsdu,15,nearest,1117
aygpha,15,linear,1857
aygpha,15,nearest,941
aypudb,15,linear,2013
aypudb,15,nearest,1140
ayquas,15,linear,1852
ayquas,15,nearest,1057
ayquex,15,linear,2014
ayquex,15,nearest,1305
ayshek,15,linear,2015
ayshek,15,nearest,973
ayshow,15,linear,2015
ayshow,15,nearest,48
aysmsl,15,linear,2015
aysmsl,15,nearest,1195
eacder,15,linear,2013
eacder,15,nearest,942
eadect,15,linear,2015
eadect,15,nearest,776
eagbac,15,linear,1817
eagbac,15,nearest,546
eapceo,15,linear,2015
eapceo,15,nearest,1299
easnsv,15,linear,2014
easnsv,15,nearest,633
eavcai,15,linear,2014
eavcai,15,nearest,1149
eavfli,15,linear,2009
eavfli,15,nearest,1264
ebcicy,15,linear,2015
ebcicy,15,nearest,1032
ebdafy,15,linear,2015
ebdafy,15,nearest,1246
ebenfr,15,linear,2015
ebenfr,15,nearest,777
ebrulr,15,linear,2015
ebrulr,15,nearest,972
ebstic,15,linear,2015
ebstic,15,nearest,660
eccest,15,linear,2014
eccest,15,nearest,1073
ecdiwo,15,linear,2015
ecdiwo,15,nearest,1046
ecfesy,15,linear,2015
ecfesy,15,nearest,1244
ecforj,15,linear,2013
ecforj,15,nearest,1173
ecgojt,15,linear,2015
ecgojt,15,nearest,1176
ecjeod,15,linear,2015
ecjeod,15,nearest,1049
eckeck,15,linear,1707
eckeck,15,nearest,699
ecnopl,15,linear,2013
ecnopl,15,nearest,1140
eddreb,15,linear,2012
eddreb,15,nearest,1010
edeejd,15,linear,2015
edeejd,15,nearest,1142
edglev,15,linear,2015
edglev,15,nearest,1130
edgrat,15,linear,2015
edgrat,15,nearest,1192
edjiye,15,linear,2015
edjiye,15,nearest,1362
edlyxy,15,linear,2015
edlyxy,15,nearest,1136
edmugr,15,linear,2001
edmugr,15,nearest,1234
ednill,15,linear,2014
ednill,15,nearest,1290
edodbl,15,linear,2015
edodbl,15,nearest,1036
edombo,15,linear,246
edombo,15,nearest,130
edrafs,15,linear,286
edrafs,15,nearest,195
eedigk,15,linear,2015
eedigk,15,nearest,1213
eefayb,15,linear,2013
eefayb,15,nearest,1013
eegcef,15,linear,1924
eegcef,15,nearest,1046
eemafb,15,linear,2013
eemafb,15,nearest,474
eenjou,15,linear,2015
eenjou,15,nearest,1066
eersdo,15,linear,2015
eersdo,15,nearest,1171
eesbaj,15,linear,2015
eesbaj,15,nearest,1256
efcati,15,linear,1980
efcati,15,nearest,1128
effneo,15,linear,2015
effneo,15,nearest,1246
efghak,15,linear,2014
efghak,15,nearest,891
efgoak,15,linear,2015
efgoak,15,nearest,1215
efmymo,15,linear,323
efmymo,15,nearest,178
efonve,15,linear,2006
efonve,15,nearest,1436
efsphe,15,linear,1981
efsphe,15,nearest,888
eggfri,15,linear,2015
eggfri,15,nearest,1124
eghanw,15,linear,1809
eghanw,15,nearest,996
egloha,15,linear,2014
egloha,15,nearest,980
egnata,15,linear,2015
egnata,15,nearest,1247
egreos,15,linear,2015
egreos,15,nearest,605
egteir,15,linear,1636
egteir,15,nearest,725
egwicj,15,linear,2015
egwicj,15,nearest,459
eiboid,15,linear,2015
eiboid,15,nearest,917
eicmyn,15,linear,2003
eicmyn,15,nearest,530
eifvid,15,linear,2015
eifvid,15,nearest,1113
eincuf,15,linear,1892
eincuf,15,nearest,159
eitpem,15,linear,1779
eitpem,15,nearest,428
ejcrur,15,linear,2015
ejcrur,15,nearest,829
ejesba,15,linear,2015
ejesba,15,nearest,790
ejkipu,15,linear,2012
ejkipu,15,nearest,812
ejnoax,15,linear,2014
ejnoax,15,nearest,790
ejshig,15,linear,2015
ejshig,15,nearest,1408
ejtobu,15,linear,2015
ejtobu,15,nearest,1304
ekenuc,15,linear,2015
ekenuc,15,nearest,1131
ekfrab,15,linear,1993
ekfrab,15,nearest,721
ektamy,15,linear,2014
ektamy,15,nearest,1323
ektuyo,15,linear,2014
ektuyo,15,nearest,781
ekyosj,15,linear,2013
ekyosj,15,nearest,1323
elafle,15,linear,2015
elafle,15,nearest,1211
elbnax,15,linear,2015
elbnax,15,nearest,1228
elfyea,15,linear,2015
elfyea,15,nearest,1087
elhuyo,15,linear,532
elhuyo,15,nearest,231
ellimt,15,linear,2015
ellimt,15,nearest,913
elswck,15,linear,2013
elswck,15,nearest,1219
elvgid,15,linear,379
elvgid,15,nearest,115
elwesn,15,linear,2015
elwesn,15,nearest,993
enarwe,15,linear,1988
enarwe,15,nearest,1195
enekbl,15,linear,2015
enekbl,15,nearest,1159
enidmo,15,linear,1990
enidmo,15,nearest,911
enjubp,15,linear,2014
enjubp,15,nearest,1147
enkkan,15,linear,2015
enkkan,15,nearest,1312
enyene,15,linear,323
enyene,15,nearest,112
enyons,15,linear,2015
enyons,15,nearest,1332
eoccoi,15,linear,1975
eoccoi,15,nearest,1133
eoffri,15,linear,2015
eoffri,15,nearest,1230
eoivqu,15,linear,2015
eoivqu,15,nearest,676
eokrac,15,linear,2013
eokrac,15,nearest,1053
eolgug,15,linear,2015
eolgug,15,nearest,965
eoslui,15,linear,1985
eoslui,15,nearest,1274
eovsyt,15,linear,2015
eovsyt,15,nearest,1118
eoydba,15,linear,1219
eoydba,15,nearest,462
epabca,15,linear,2015
epabca,15,nearest,1326
epemva,15,linear,2015
epemva,15,nearest,1233
epkiap,15,linear,2015
epkiap,15,nearest,1156
equioc,15,linear,2015
equioc,15,nearest,1236
equoaw,15,linear,2015
equoaw,15,nearest,898
erjboy,15,linear,2015
erjboy,15,nearest,1174
erjcre,15,linear,2009
erjcre,15,nearest,1187
erjtai,15,linear,2015
erjtai,15,nearest,885
erulgh,15,linear,2015
erulgh,15,nearest,1179
erwumu,15,linear,2012
erwumu,15,nearest,1132
eryeig,15,linear,2015
eryeig,15,nearest,1105
eshria,15,linear,2016
eshria,15,nearest,902
eshroa,15,linear,2015
eshroa,15,nearest,1302
esnddc,15,linear,2015
esnddc,15,nearest,1180
esudce,15,linear,2015
esudce,15,nearest,952
etalra,15,linear,2011
etalra,15,nearest,960
etirnf,15,linear,317
etirnf,15,nearest,84
etnads,15,linear,2014
etnads,15,nearest,1282
eufdod,15,linear,2007
eufdod,15,nearest,925
evbacc,15,linear,1999
evbacc,15,nearest,1302
evdyff,15,linear,2015
evdyff,15,nearest,1174
evfler,15,linear,1907
evfler,15,nearest,518
evijce,15,linear,2004
evijce,15,nearest,322
evjoko,15,linear,2015
evjoko,15,nearest,1242
evmaja,15,linear,2015
evmaja,15,nearest,439
evtitd,15,linear,2015
evtitd,15,nearest,1249
ewbglo,15,linear,2014
ewbglo,15,nearest,822
ewedkl,15,linear,2015
ewedkl,15,nearest,660
ewufri,15,linear,2015
ewufri,15,nearest,1306
ewvnil,15,linear,2015
ewvnil,15,nearest,1022
exskaf,15,linear,2015
exskaf,15,nearest,1267
eybmij,15,linear,2015
eybmij,15,nearest,1092
eybyay,15,linear,2013
eybyay,15,nearest,1114
eydadg,15,linear,243
eydadg,15,nearest,62
eytups,15,linear,2015
eytups,15,nearest,900
iacbyb,15,linear,1986
iacbyb,15,nearest,547
iackaw,15,linear,2015
iackaw,15,nearest,1239
iafbag,15,linear,1895
iafbag,15,nearest,943
iafstn,15,linear,2015
iafstn,15,nearest,1126
iaggri,15,linear,2015
iaggri,15,nearest,810
iagods,15,linear,283
iagods,15,nearest,152
iahoro,15,linear,2013
iahoro,15,nearest,836
iapber,15,linear,1938
iapber,15,nearest,1060
iatmeu,15,linear,2013
iatmeu,15,nearest,487
iatojb,15,linear,2015
iatojb,15,nearest,1169
iawxbe,15,linear,2015
iawxbe,15,nearest,792
ibflsr,15,linear,2015
ibflsr,15,nearest,1311
ibgryk,15,linear,2014
ibgryk,15,nearest,906
iblool,15,linear,2014
iblool,15,nearest,950
ibpijd,15,linear,2015
ibpijd,15,nearest,1078
ibwici,15,linear,2013
ibwici,15,nearest,889
icagpo,15,linear,2015
icagpo,15,nearest,1227
icdahe,15,linear,312
icdahe,15,nearest,110
icdapn,15,linear,2015
icdapn,15,nearest,1279
icdult,15,linear,1472
icdult,15,nearest,471
icedpa,15,linear,2015
icedpa,15,nearest,685
ichank,15,linear,1993
ichank,15,nearest,958
ichiki,15,linear,2015
ichiki,15,nearest,1105
ickguw,15,linear,2015
ickguw,15,nearest,1260
ickphi,15,linear,2015
ickphi,15,nearest,1096
ickviy,15,linear,2015
ickviy,15,nearest,1056
icodmu,15,linear,2015
icodmu,15,nearest,577
ictlyp,15,linear,2014
ictlyp,15,nearest,705
ictmuo,15,linear,1766
ictmuo,15,nearest,341
icwiro,15,linear,2015
icwiro,15,nearest,1264
idbayb,15,linear,2015
idbayb,15,nearest,887
idcadg,15,linear,2014
idcadg,15,nearest,601
ideutg,15,linear,2015
ideutg,15,nearest,1233
idholv,15,linear,2014
idholv,15,nearest,1266
idjoat,15,linear,96
idjoat,15,nearest,81
idjojw,15,linear,1456
idjojw,15,nearest,155
idjokv,15,linear,2015
idjokv,15,nearest,1140
idlorr,15,linear,2013
idlorr,15,nearest,1036
idodly,15,linear,2012
idodly,15,nearest,1101
idshyw,15,linear,1981
idshyw,15,nearest,983
idsmuk,15,linear,2015
idsmuk,15,nearest,1113
idtwal,15,linear,207
idtwal,15,nearest,120
idvoww,15,linear,2015
idvoww,15,nearest,1299
ifanfa,15,linear,1984
ifanfa,15,nearest,508
ifefro,15,linear,1791
ifefro,15,nearest,754
ifelas,15,linear,2015
ifelas,15,nearest,1059
ifeshc,15,linear,20
ifeshc,15,nearest,5
ifkald,15,linear,2015
ifkald,15,nearest,842
ifragc,15,linear,1987
ifragc,15,nearest,974
igglit,15,linear,2015
igglit,15,nearest,1013
igsoys,15,linear,2015
igsoys,15,nearest,1197
igvidt,15,linear,2014
igvidt,15,nearest,1169
ijcoga,15,linear,2014
ijcoga,15,nearest,1341
ijdeyd,15,linear,2015
ijdeyd,15,nearest,1225
ijhigo,15,linear,2015
ijhigo,15,nearest,1099
ijhipv,15,linear,2015
ijhipv,15,nearest,1220
ijpiaw,15,linear,2015
ijpiaw,15,nearest,1139
ijpruk,15,linear,2015
ijpruk,15,nearest,1156
ijthin,15,linear,1995
ijthin,15,nearest,926
ijtowh,15,linear,2015
ijtowh,15,nearest,1176
ikdagc,15,linear,2003
ikdagc,15,nearest,863
ikkimm,15,linear,2013
ikkimm,15,nearest,1322
ikujfu,15,linear,2015
ikujfu,15,nearest,1059
ilcoby,15,linear,2015
ilcoby,15,nearest,1046
ilkble,15,linear,2015
ilkble,15,nearest,766
ilkedv,15,linear,2014
ilkedv,15,nearest,925
ilyutj,15,linear,2015
ilyutj,15,nearest,1329
imhacy,15,linear,1910
imhacy,15,nearest,235
imnees,15,linear,2012
imnees,15,nearest,973
imoikc,15,linear,2015
imoikc,15,nearest,1082
imwryt,15,linear,2015
imwryt,15,nearest,1028
imwyoj,15,linear,2015
imwyoj,15,nearest,1264
inckki,15,linear,2014
inckki,15,nearest,1005
indtwr,15,linear,2015
indtwr,15,nearest,915
indyep,15,linear,2011
indyep,15,nearest,1193
inghog,15,linear,2015
inghog,15,nearest,902
inghot,15,linear,2015
inghot,15,nearest,925
inhial,15,linear,1244
inhial,15,nearest,280
inlica,15,linear,2015
inlica,15,nearest,1065
inquay,15,linear,2014
inquay,15,nearest,1097
inshfo,15,linear,415
inshfo,15,nearest,165
insodf,15,linear,2015
insodf,15,nearest,927
ioajdi,15,linear,2014
ioajdi,15,nearest,1313
ioangi,15,linear,1932
ioangi,15,nearest,881
iodjie,15,linear,2015
iodjie,15,nearest,1193
iodlac,15,linear,1890
iodlac,15,nearest,1176
iofpli,15,linear,2014
iofpli,15,nearest,1070
ioivkn,15,linear,1999
ioivkn,15,nearest,828
iorjtw,15,linear,2015
iorjtw,15,nearest,1259
iotklo,15,linear,2015
iotklo,15,nearest,1158
iovhar,15,linear,2015
iovhar,15,nearest,1191
iovlit,15,linear,2014
iovlit,15,nearest,1195
ioytgo,15,linear,2007
ioytgo,15,nearest,762
ipdioi,15,linear,2015
ipdioi,15,nearest,1118
ipdraw,15,linear,208
ipdraw,15,nearest,140
iphesp,15,linear,2013
iphesp,15,nearest,584
iphybc,15,linear,2015
iphybc,15,nearest,1060
ipjier,15,linear,2015
ipjier,15,nearest,789
ippfei,15,linear,1561
ippfei,15,nearest,1002
irjfen,15,linear,2014
irjfen,15,nearest,1253
isekdy,15,linear,2015
isekdy,15,nearest,1135
isfikt,15,linear,2015
isfikt,15,nearest,872
ishvir,15,linear,2015
ishvir,15,nearest,1185
isnthl,15,linear,641
isnthl,15,nearest,209
ispaww,15,linear,2015
ispaww,15,nearest,1255
isvayd,15,linear,2011
isvayd,15,nearest,690
itacfl,15,linear,2015
itacfl,15,nearest,1059
itbadp,15,linear,2015
itbadp,15,nearest,1035
itbejs,15,linear,1988
itbejs,15,nearest,795
itcemr,15,linear,1939
itcemr,15,nearest,1047
ithpet,15,linear,2014
ithpet,15,nearest,638
itmeps,15,linear,1958
itmeps,15,nearest,718
itpivo,15,linear,2012
itpivo,15,nearest,1163
itquir,15,linear,2015
itquir,15,nearest,1017
ivheoo,15,linear,2015
ivheoo,15,nearest,1143
ivkock,15,linear,2015
ivkock,15,nearest,1040
izowcu,15,linear,1987
izowcu,15,nearest,451
oadwow,15,linear,159
oadwow,15,nearest,119
oafhyn,15,linear,1997
oafhyn,15,nearest,1184
oahudf,15,linear,1984
oahudf,15,nearest,1229
oakpik,15,linear,1988
oakpik,15,nearest,944
oapwyc,15,linear,2014
oapwyc,15,nearest,1100
oasthu,15,linear,1946
oasthu,15,nearest,569
obacva,15,linear,2015
obacva,15,nearest,999
obceoo,15,linear,2015
obceoo,15,nearest,917
obheuj,15,linear,2015
obheuj,15,nearest,1152
objoyh,15,linear,30
objoyh,15,nearest,19
oblyag,15,linear,2015
oblyag,15,nearest,1271
obsimj,15,linear,2015
obsimj,15,nearest,1147
occeyd,15,linear,2015
occeyd,15,nearest,889
occrok,15,linear,2015
occrok,15,nearest,1035
ochotc,15,linear,2014
ochotc,15,nearest,870
ochtin,15,linear,2014
ochtin,15,nearest,756
ocjeng,15,linear,2015
ocjeng,15,nearest,1319
ockiho,15,linear,2015
ockiho,15,nearest,1153
ockoac,15,linear,870
ockoac,15,nearest,418
ockolr,15,linear,1663
ockolr,15,nearest,1152
ocshit,15,linear,2015
ocshit,15,nearest,1175
ocwyit,15,linear,2011
ocwyit,15,nearest,628
odklob,15,linear,2015
odklob,15,nearest,732
odlorh,15,linear,2014
odlorh,15,nearest,1286
odocje,15,linear,2014
odocje,15,nearest,1131
odolfe,15,linear,2015
odolfe,15,nearest,813
odoywu,15,linear,2015
odoywu,15,nearest,688
odscix,15,linear,2015
odscix,15,nearest,877
ofikco,15,linear,2015
ofikco,15,nearest,1340
ofjeeq,15,linear,2015
ofjeeq,15,nearest,1145
ofodwo,15,linear,2015
ofodwo,15,nearest,1297
ogawje,15,linear,1926
ogawje,15,nearest,953
ogdygd,15,linear,1930
ogdygd,15,nearest,1042
oggluv,15,linear,1956
oggluv,15,nearest,661
ogijtr,15,linear,2015
ogijtr,15,nearest,1177
ogikli,15,linear,2014
ogikli,15,nearest,1002
ogjoch,15,linear,2015
ogjoch,15,nearest,1201
ognoww,15,linear,2007
ognoww,15,nearest,985
ogofvo,15,linear,930
ogofvo,15,nearest,618
ogphag,15,linear,2015
ogphag,15,nearest,1163
ogshtc,15,linear,2015
ogshtc,15,nearest,1020
ogurju,15,linear,2015
ogurju,15,nearest,990
oiphye,15,linear,1954
oiphye,15,nearest,932
oipial,15,linear,2012
oipial,15,nearest,1182
oirzgo,15,linear,1986
oirzgo,15,nearest,884
oivnab,15,linear,2011
oivnab,15,nearest,1277
ojachm,15,linear,2014
ojachm,15,nearest,1047
ojbaso,15,linear,2014
ojbaso,15,nearest,1187
ojfann,15,linear,2015
ojfann,15,nearest,1196
ojfequ,15,linear,2015
ojfequ,15,nearest,728
ojfiez,15,linear,1980
ojfiez,15,nearest,775
ojpoot,15,linear,2016
ojpoot,15,nearest,1127
ojroig,15,linear,2015
ojroig,15,nearest,1243
ojumna,15,linear,1988
ojumna,15,nearest,1059
ojvigh,15,linear,2014
ojvigh,15,nearest,1185
ojwyky,15,linear,1982
ojwyky,15,nearest,1293
okavka,15,linear,2014
okavka,15,nearest,1170
okblah,15,linear,2015
okblah,15,nearest,1361
okchym,15,linear,2015
okchym,15,nearest,798
okneyd,15,linear,1213
okneyd,15,nearest,512
oknsco,15,linear,2015
oknsco,15,nearest,1053
okquak,15,linear,2015
okquak,15,nearest,1257
oksbos,15,linear,2015
oksbos,15,nearest,803
oktuls,15,linear,2015
oktuls,15,nearest,982
okvats,15,linear,2014
okvats,15,nearest,605
oljnek,15,linear,1997
oljnek,15,nearest,1327
omcuky,15,linear,1980
omcuky,15,nearest,1086
omdrid,15,linear,587
omdrid,15,nearest,404
omluaj,15,linear,2013
omluaj,15,nearest,1115
omwyek,15,linear,2015
omwyek,15,nearest,1117
onanns,15,linear,254
onanns,15,nearest,162
oncalk,15,linear,2015
oncalk,15,nearest,1060
oncixp,15,linear,2013
oncixp,15,nearest,1102
onghoj,15,linear,2015
onghoj,15,nearest,943
onkawc,15,linear,2015
onkawc,15,nearest,930
ononma,15,linear,2015
ononma,15,nearest,1186
onvahe,15,linear,2015
onvahe,15,nearest,1271
onwohy,15,linear,2014
onwohy,15,nearest,474
onyacj,15,linear,2014
onyacj,15,nearest,1162
onyenr,15,linear,2015
onyenr,15,nearest,890
oocsod,15,linear,2015
oocsod,15,nearest,1112
oogchy,15,linear,2015
oogchy,15,nearest,1052
ootquo,15,linear,2015
ootquo,15,nearest,585
ootyec,15,linear,2015
ootyec,15,nearest,1314
oowfmu,15,linear,178
oowfmu,15,nearest,75
opgove,15,linear,2015
opgove,15,nearest,867
ophgir,15,linear,1982
ophgir,15,nearest,1005
ophugb,15,linear,2015
ophugb,15,nearest,1143
opjerm,15,linear,2014
opjerm,15,nearest,1003
opmisa,15,linear,2014
opmisa,15,nearest,1234
opnown,15,linear,2015
opnown,15,nearest,791
oquiat,15,linear,2015
oquiat,15,nearest,1171
orkbat,15,linear,2015
orkbat,15,nearest,1037
orocdu,15,linear,1253
orocdu,15,nearest,666
orptme,15,linear,2014
orptme,15,nearest,1091
orrrar,15,linear,2015
orrrar,15,nearest,1134
orsyal,15,linear,2015
orsyal,15,nearest,980
osacmu,15,linear,748
osacmu,15,nearest,398
osckro,15,linear,2015
osckro,15,nearest,1233
oshyon,15,linear,2015
oshyon,15,nearest,1286
osocce,15,linear,2015
osocce,15,nearest,1273
otasfi,15,linear,2015
otasfi,15,nearest,1273
otfaho,15,linear,2013
otfaho,15,nearest,737
otmego,15,linear,1982
otmego,15,nearest,329
otscok,15,linear,2015
otscok,15,nearest,1362
otswra,15,linear,1652
otswra,15,nearest,1221
otvasd,15,linear,2015
otvasd,15,nearest,1216
ouvdan,15,linear,1984
ouvdan,15,nearest,935
ovkojy,15,linear,1985
ovkojy,15,nearest,1269
ovnacg,15,linear,2012
ovnacg,15,nearest,653
ovyijn,15,linear,2015
ovyijn,15,nearest,1084
owbsus,15,linear,2015
owbsus,15,nearest,1212
owgves,15,linear,2014
owgves,15,nearest,1163
owhagm,15,linear,1673
owhagm,15,nearest,556
owufre,15,linear,2012
owufre,15,nearest,569
oxdogh,15,linear,1897
oxdogh,15,nearest,1221
oyclsd,15,linear,2015
oyclsd,15,nearest,552
oydtes,15,linear,2015
oydtes,15,nearest,1285
oygmeb,15,linear,2014
oygmeb,15,nearest,849
oygvar,15,linear,1983
oygvar,15,nearest,432
ubgiho,15,linear,2015
ubgiho,15,nearest,930
ubjajo,15,linear,2015
ubjajo,15,nearest,1237
ubjaju,15,linear,1982
ubjaju,15,nearest,995
ubnank,15,linear,2015
ubnank,15,nearest,1011
ubzach,15,linear,1722
ubzach,15,nearest,918
ucbiya,15,linear,2015
ucbiya,15,nearest,1131
ucdewy,15,linear,1258
ucdewy,15,nearest,396
ucgewf,15,linear,2015
ucgewf,15,nearest,1229
uchjaf,15,linear,2012
uchjaf,15,nearest,1089
ucovla,15,linear,2014
ucovla,15,nearest,1060
ucvepn,15,linear,1973
ucvepn,15,nearest,1051
udguic,15,linear,2012
udguic,15,nearest,1043
udthon,15,linear,1989
udthon,15,nearest,1007
udtiog,15,linear,2014
udtiog,15,nearest,1191
udveoy,15,linear,2012
udveoy,15,nearest,1117
udwadl,15,linear,2015
udwadl,15,nearest,703
udwebi,15,linear,1871
udwebi,15,nearest,491
udwiul,15,linear,2015
udwiul,15,nearest,1191
ufdoyn,15,linear,2015
ufdoyn,15,nearest,1093
ugatna,15,linear,2014
ugatna,15,nearest,1355
ugdifb,15,linear,1969
ugdifb,15,nearest,755
uggdye,15,linear,2015
uggdye,15,nearest,1224
ugifma,15,linear,2015
ugifma,15,nearest,1023
ugthfu,15,linear,1979
ugthfu,15,nearest,849
ujhuki,15,linear,2014
ujhuki,15,nearest,1010
ujkiwe,15,linear,1999
ujkiwe,15,nearest,1065
ujnaww,15,linear,2015
ujnaww,15,nearest,1004
ujtosh,15,linear,1380
ujtosh,15,nearest,772
ujtrud,15,linear,2015
ujtrud,15,nearest,1282
ukgoaf,15,linear,2013
ukgoaf,15,nearest,1182
uklsdr,15,linear,2015
uklsdr,15,nearest,1251
uljior,15,linear,2015
uljior,15,nearest,765
umhenw,15,linear,2015
umhenw,15,nearest,709
umsmth,15,linear,2015
umsmth,15,nearest,1241
umvohu,15,linear,2015
umvohu,15,nearest,1203
unquek,15,linear,2015
unquek,15,nearest,1040
unwrai,15,linear,509
unwrai,15,nearest,229
upchim,15,linear,2014
upchim,15,nearest,1275
upsjav,15,linear,2015
upsjav,15,nearest,1253
upthin,15,linear,2003
upthin,15,nearest,360
urfhod,15,linear,1862
urfhod,15,nearest,1211
usadri,15,linear,2010
usadri,15,nearest,496
usbekh,15,linear,2015
usbekh,15,nearest,1188
ushfeo,15,linear,2015
ushfeo,15,nearest,1010
uthiss,15,linear,2009
uthiss,15,nearest,656
uthomo,15,linear,2015
uthomo,15,nearest,1130
uthsyi,15,linear,1954
uthsyi,15,nearest,508
utjanr,15,linear,2015
utjanr,15,nearest,1205
utkibe,15,linear,2013
utkibe,15,nearest,618
utlurv,15,linear,2015
utlurv,15,nearest,1221
utthwa,15,linear,696
utthwa,15,nearest,256
uttorh,15,linear,1803
uttorh,15,nearest,897
utvoho,15,linear,2015
utvoho,15,nearest,1097
utwoab,15,linear,2014
utwoab,15,nearest,1279
uvburk,15,linear,2015
uvburk,15,nearest,421
uvigch,15,linear,2014
uvigch,15,nearest,1195
uvjeah,15,linear,2015
uvjeah,15,nearest,902
uvjova,15,linear,2015
uvjova,15,nearest,779
uvreoi,15,linear,2015
uvreoi,15,nearest,929
