user_id,start_time,end_time,mode
abboip,2008-05-18T00:30:00,2008-06-07T23:30:00,taxi
abcoij,2008-05-22T10:00:00,2008-06-03T08:30:00,taxi
abdrem,2008-05-18T02:00:00,2008-06-07T23:00:00,taxi
abgibo,2008-05-18T00:30:00,2008-06-07T23:30:00,taxi
abjool,2008-05-18T00:30:00,2008-06-07T23:30:00,taxi
abmuya,2008-05-18T07:30:00,2008-06-07T23:30:00,taxi
abniar,2008-05-18T00:30:00,2008-06-07T23:30:00,taxi
abnovk,2008-05-18T06:30:00,2008-06-07T23:30:00,taxi
abtyff,2008-05-18T00:30:00,2008-06-07T23:30:00,taxi
abwecn,2008-05-18T00:30:00,2008-06-07T23:30:00,taxi
abyalw,2008-05-18T00:30:00,2008-06-07T23:30:00,taxi
acdiyi,2008-05-18T00:30:00,2008-06-07T23:30:00,taxi
acduou,2008-05-18T00:30:00,2008-06-07T23:30:00,taxi
acgerl,2008-05-24T17:00:00,2008-06-07T23:30:00,taxi
acitva,2008-05-18T00:30:00,2008-06-07T23:30:00,taxi
ackgri,2008-05-18T00:30:00,2008-05-30T07:30:00,taxi
acpegh,2008-05-18T00:30:00,2008-06-07T23:30:00,taxi
acvebr,2008-05-18T00:30:00,2008-06-07T17:00:00,taxi
adkavy,2008-05-18T00:30:00,2008-06-07T23:30:00,taxi
adners,2008-05-18T00:30:00,2008-06-07T23:30:00,taxi
adpaif,2008-05-18T00:30:00,2008-06-07T15:30:00,taxi
aducri,2008-05-18T00:30:00,2008-06-07T23:30:00,taxi
afmorc,2008-05-18T00:30:00,2008-06-07T23:30:00,taxi
afpans,2008-05-18T00:30:00,2008-06-07T23:30:00,taxi
afsfat,2008-05-18T00:30:00,2008-06-07T21:00:00,taxi
afweka,2008-05-18T00:30:00,2008-06-07T23:30:00,taxi
agcowk,2008-05-18T00:30:00,2008-06-07T23:30:00,taxi
agdrea,2008-05-18T00:30:00,2008-06-07T23:30:00,taxi
aggjuo,2008-05-18T00:00:00,2008-06-07T23:30:00,taxi
agivle,2008-05-18T00:30:00,2008-06-07T23:30:00,taxi
agjitf,2008-05-18T00:30:00,2008-06-07T23:30:00,taxi
agsuec,2008-05-18T00:00:00,2008-06-07T23:00:00,taxi
agvexp,2008-05-18T00:30:00,2008-06-07T23:00:00,taxi
agyamk,2008-05-18T01:00:00,2008-06-07T22:30:00,taxi
aichas,2008-05-18T00:30:00,2008-06-07T23:30:00,taxi
ailbcu,2008-05-18T00:30:00,2008-06-07T22:30:00,taxi
aimidd,2008-05-18T00:30:00,2008-06-07T23:30:00,taxi
ainpli,2008-05-18T00:30:00,2008-06-07T23:30:00,taxi
aitpyg,2008-05-18T00:30:00,2008-06-07T23:30:00,taxi
aivtyt,2008-05-18T00:30:00,2008-06-04T04:00:00,taxi
aiwalb,2008-05-18T00:30:00,2008-06-07T23:30:00,taxi
ajixdo,2008-05-18T00:30:00,2008-06-04T00:30:00,taxi
ajsips,2008-05-18T00:30:00,2008-06-07T23:30:00,taxi
ajsned,2008-05-18T00:30:00,2008-06-07T23:30:00,taxi
ajthof,2008-05-18T08:00:00,2008-06-07T23:30:00,taxi
ajtreo,2008-05-18T00:30:00,2008-06-07T22:30:00,taxi
akgicj,2008-05-18T00:30:00,2008-06-07T23:30:00,taxi
akvutv,2008-05-18T00:30:00,2008-06-07T23:30:00,taxi
akyeer,2008-05-18T09:00:00,2008-06-07T23:30:00,taxi
aldhid,2008-05-18T00:30:00,2008-06-07T23:00:00,taxi
alnihi,2008-05-18T00:30:00,2008-06-07T23:30:00,taxi
alshet,2008-05-18T00:30:00,2008-06-07T23:00:00,taxi
amciuc,2008-05-18T00:30:00,2008-06-07T15:00:00,taxi
amknyw,2008-05-18T00:30:00,2008-06-07T23:30:00,taxi
amnurg,2008-05-21T06:30:00,2008-06-07T19:30:00,taxi
amvefa,2008-05-18T00:30:00,2008-06-07T23:30:00,taxi
amwibs,2008-05-18T00:30:00,2008-06-07T23:30:00,taxi
ancedv,2008-05-31T18:30:00,2008-06-07T23:00:00,taxi
ancorj,2008-05-18T00:30:00,2008-06-07T22:30:00,taxi
ancycl,2008-05-18T00:30:00,2008-06-07T23:00:00,taxi
andyol,2008-05-18T00:30:00,2008-06-07T23:30:00,taxi
aniajc,2008-05-18T00:30:00,2008-06-07T23:30:00,taxi
anidgi,2008-05-18T00:30:00,2008-06-07T23:30:00,taxi
ankped,2008-05-18T00:30:00,2008-06-07T23:30:00,taxi
ansyut,2008-05-18T00:30:00,2008-06-07T21:00:00,taxi
anucks,2008-05-18T00:30:00,2008-06-07T23:30:00,taxi
anupwr,2008-05-18T00:30:00,2008-06-07T23:30:00,taxi
apigcy,2008-05-18T00:30:00,2008-06-07T23:30:00,taxi
appsri,2008-05-18T00:30:00,2008-06-07T23:30:00,taxi
apssky,2008-05-18T00:30:00,2008-06-07T23:30:00,taxi
aquawa,2008-05-18T00:30:00,2008-06-07T23:30:00,taxi
arcksy,2008-05-18T00:30:00,2008-06-07T23:30:00,taxi
arcuim,2008-05-18T00:30:00,2008-06-07T23:00:00,taxi
arcurb,2008-05-18T00:00:00,2008-06-07T23:30:00,taxi
arhilb,2008-05-18T00:30:00,2008-06-07T23:30:00,taxi
arlwra,2008-05-18T00:30:00,2008-06-07T23:30:00,taxi
arphau,2008-05-18T00:30:00,2008-06-07T23:30:00,taxi
artgag,2008-05-20T06:00:00,2008-06-07T23:30:00,taxi
ascley,2008-05-18T06:30:00,2008-06-07T23:30:00,taxi
ashgat,2008-05-18T00:30:00,2008-05-28T00:00:00,taxi
asigno,2008-05-18T00:30:00,2008-06-07T23:30:00,taxi
askmec,2008-05-18T00:30:00,2008-06-07T23:30:00,taxi
aslagn,2008-05-18T01:00:00,2008-06-07T22:30:00,taxi
aswift,2008-05-18T00:30:00,2008-06-07T23:30:00,taxi
atcila,2008-05-18T00:30:00,2008-06-07T23:30:00,taxi
atfrav,2008-05-18T00:30:00,2008-06-02T16:00:00,taxi
atfrim,2008-05-18T00:30:00,2008-06-07T23:00:00,taxi
atidfi,2008-05-18T00:30:00,2008-06-07T23:30:00,taxi
atnokv,2008-05-18T00:30:00,2008-06-07T23:00:00,taxi
atsfiv,2008-06-04T13:00:00,2008-06-07T23:30:00,taxi
atzumb,2008-05-18T00:30:00,2008-06-07T23:30:00,taxi
aucjun,2008-05-20T19:30:00,2008-06-06T21:30:00,taxi
auctji,2008-05-18T00:30:00,2008-06-07T23:30:00,taxi
aupcli,2008-06-02T07:30:00,2008-06-07T23:00:00,taxi
aurjye,2008-05-18T00:30:00,2008-06-07T23:30:00,taxi
avdyab,2008-05-18T00:30:00,2008-06-07T23:30:00,taxi
avglyb,2008-05-18T00:30:00,2008-06-07T23:30:00,taxi
aviltl,2008-05-18T00:30:00,2008-06-07T23:00:00,taxi
avpavi,2008-05-18T00:30:00,2008-06-07T23:30:00,taxi
awnbeb,2008-05-18T00:30:00,2008-06-07T14:00:00,taxi
awrenb,2008-05-18T00:30:00,2008-06-07T23:00:00,taxi
awribi,2008-05-18T00:30:00,2008-06-07T02:30:00,taxi
aydwah,2008-05-18T20:00:00,2008-06-07T23:30:00,taxi
ayfsdu,2008-05-18T00:30:00,2008-06-07T23:30:00,taxi
aygpha,2008-05-18T00:30:00,2008-06-06T08:00:00,taxi
aypudb,2008-05-18T00:30:00,2008-06-07T23:30:00,taxi
ayquas,2008-05-19T17:00:00,2008-06-07T23:30:00,taxi
ayquex,2008-05-18T00:30:00,2008-06-07T23:30:00,taxi
ayshek,2008-05-18T00:30:00,2008-06-07T23:30:00,taxi
ayshow,2008-05-18T00:30:00,2008-06-07T23:30:00,taxi
aysmsl,2008-05-18T00:30:00,2008-06-07T23:30:00,taxi
eacder,2008-05-18T00:30:00,2008-06-07T23:00:00,taxi
eadect,2008-05-18T00:30:00,2008-06-07T23:30:00,taxi
eagbac,2008-05-19T16:30:00,2008-06-07T14:00:00,taxi
eapceo,2008-05-18T00:30:00,2008-06-07T23:30:00,taxi
easnsv,2008-05-18T00:30:00,2008-06-07T23:30:00,taxi
eavcai,2008-05-18T00:30:00,2008-06-07T23:30:00,taxi
eavfli,2008-05-18T01:30:00,2008-06-07T23:30:00,taxi
ebcicy,2008-05-18T00:30:00,2008-06-07T23:30:00,taxi
ebdafy,2008-05-18T00:30:00,2008-06-07T23:30:00,taxi
ebenfr,2008-05-18T00:30:00,2008-06-07T23:30:00,taxi
ebrulr,2008-05-18T00:30:00,2008-06-07T23:30:00,taxi
ebstic,2008-05-18T00:30:00,2008-06-07T23:30:00,taxi
eccest,2008-05-18T00:30:00,2008-06-07T23:30:00,taxi
ecdiwo,2008-05-18T00:30:00,2008-06-07T23:30:00,taxi
ecfesy,2008-05-18T00:30:00,2008-06-07T23:30:00,taxi
ecforj,2008-05-18T01:00:00,2008-06-07T23:30:00,taxi
ecgojt,2008-05-18T00:30:00,2008-06-07T23:30:00,taxi
ecjeod,2008-05-18T00:30:00,2008-06-07T23:30:00,taxi
eckeck,2008-05-18T00:30:00,2008-06-04T18:30:00,taxi
ecnopl,2008-05-18T00:30:00,2008-06-07T23:00:00,taxi
eddreb,2008-05-18T00:30:00,2008-06-07T23:00:00,taxi
edeejd,2008-05-18T00:30:00,2008-06-07T23:30:00,taxi
edglev,2008-05-18T00:30:00,2008-06-07T23:30:00,taxi
edgrat,2008-05-18T00:30:00,2008-06-07T23:30:00,taxi
edjiye,2008-05-18T00:30:00,2008-06-07T23:30:00,taxi
edlyxy,2008-05-18T00:30:00,2008-06-07T23:30:00,taxi
edmugr,2008-05-18T01:30:00,2008-06-07T21:30:00,taxi
ednill,2008-05-18T00:30:00,2008-06-07T23:30:00,taxi
edodbl,2008-05-18T00:30:00,2008-06-07T23:30:00,taxi
edombo,2008-06-05T08:00:00,2008-06-07T21:00:00,taxi
edrafs,2008-05-18T00:30:00,2008-05-20T23:30:00,taxi
eedigk,2008-05-18T00:30:00,2008-06-07T23:30:00,taxi
eefayb,2008-05-18T00:30:00,2008-06-07T23:00:00,taxi
eegcef,2008-05-18T00:30:00,2008-06-07T01:00:00,taxi
eemafb,2008-05-18T01:00:00,2008-06-07T23:30:00,taxi
eenjou,2008-05-18T00:30:00,2008-06-07T23:30:00,taxi
eersdo,2008-05-18T00:30:00,2008-06-07T23:30:00,taxi
eesbaj,2008-05-18T00:30:00,2008-06-07T23:30:00,taxi
efcati,2008-05-18T01:30:00,2008-06-07T16:00:00,taxi
effneo,2008-05-18T00:30:00,2008-06-07T23:30:00,taxi
efghak,2008-05-18T00:30:00,2008-06-07T23:30:00,taxi
efgoak,2008-05-18T00:30:00,2008-06-07T23:30:00,taxi
efmymo,2008-06-04T15:30:00,2008-06-07T23:30:00,taxi
efonve,2008-05-18T00:30:00,2008-06-07T21:30:00,taxi
efsphe,2008-05-18T09:00:00,2008-06-07T23:30:00,taxi
eggfri,2008-05-18T00:30:00,2008-06-07T23:30:00,taxi
eghanw,2008-05-19T18:30:00,2008-06-07T14:30:00,taxi
egloha,2008-05-18T00:30:00,2008-06-07T23:30:00,taxi
egnata,2008-05-18T00:30:00,2008-06-07T23:30:00,taxi
egreos,2008-05-18T00:30:00,2008-06-07T23:30:00,taxi
egteir,2008-05-18T00:30:00,2008-06-04T01:00:00,taxi
egwicj,2008-05-18T00:30:00,2008-06-07T23:30:00,taxi
eiboid,2008-05-18T00:30:00,2008-06-07T23:30:00,taxi
eicmyn,2008-05-18T01:30:00,2008-06-07T21:30:00,taxi
eifvid,2008-05-18T00:30:00,2008-06-07T23:30:00,taxi
eincuf,2008-05-18T00:30:00,2008-06-06T17:00:00,taxi
eitpem,2008-05-18T00:30:00,2008-06-05T12:30:00,taxi
ejcrur,2008-05-18T00:30:00,2008-06-07T23:30:00,taxi
ejesba,2008-05-18T00:30:00,2008-06-07T23:30:00,taxi
ejkipu,2008-05-18T01:00:00,2008-06-07T23:30:00,taxi
ejnoax,2008-05-18T00:30:00,2008-06-07T23:30:00,taxi
ejshig,2008-05-18T00:30:00,2008-06-07T23:30:00,taxi
ejtobu,2008-05-18T00:30:00,2008-06-07T23:30:00,taxi
ekenuc,2008-05-18T00:30:00,2008-06-07T23:30:00,taxi
ekfrab,2008-05-18T03:00:00,2008-06-07T21:00:00,taxi
ektamy,2008-05-18T00:30:00,2008-06-07T23:30:00,taxi
ektuyo,2008-05-18T00:30:00,2008-06-07T23:30:00,taxi
ekyosj,2008-05-18T00:30:00,2008-06-07T23:00:00,taxi
elafle,2008-05-18T00:30:00,2008-06-07T23:30:00,taxi
elbnax,2008-05-18T00:30:00,2008-06-07T23:30:00,taxi
elfyea,2008-05-18T00:30:00,2008-06-07T23:30:00,taxi
elhuyo,2008-05-23T14:30:00,2008-05-29T03:00:00,taxi
ellimt,2008-05-18T00:30:00,2008-06-07T23:30:00,taxi
elswck,2008-05-18T01:00:00,2008-06-07T23:30:00,taxi
elvgid,2008-05-18T00:30:00,2008-05-21T22:30:00,taxi
elwesn,2008-05-18T00:30:00,2008-06-07T23:30:00,taxi
enarwe,2008-05-18T07:00:00,2008-06-07T23:30:00,taxi
enekbl,2008-05-18T00:30:00,2008-06-07T23:30:00,taxi
enidmo,2008-05-18T06:30:00,2008-06-07T23:30:00,taxi
enjubp,2008-05-18T00:30:00,2008-06-07T23:30:00,taxi
enkkan,2008-05-18T00:30:00,2008-06-07T23:30:00,taxi
enyene,2008-06-04T15:30:00,2008-06-07T23:30:00,taxi
enyons,2008-05-18T00:30:00,2008-06-07T23:30:00,taxi
eoccoi,2008-05-18T00:30:00,2008-06-07T13:30:00,taxi
eoffri,2008-05-18T00:30:00,2008-06-07T23:30:00,taxi
eoivqu,2008-05-18T00:30:00,2008-06-07T23:30:00,taxi
eokrac,2008-05-18T00:30:00,2008-06-07T23:00:00,taxi
eolgug,2008-05-18T00:30:00,2008-06-07T23:30:00,taxi
eoslui,2008-05-18T08:00:00,2008-06-07T23:30:00,taxi
eovsyt,2008-05-18T00:30:00,2008-06-07T23:30:00,taxi
eoydba,2008-05-18T00:30:00,2008-05-30T16:30:00,taxi
epabca,2008-05-18T00:30:00,2008-06-07T23:30:00,taxi
epemva,2008-05-18T00:30:00,2008-06-07T23:30:00,taxi
epkiap,2008-05-18T00:30:00,2008-06-07T23:30:00,taxi
equioc,2008-05-18T00:30:00,2008-06-07T23:30:00,taxi
equoaw,2008-05-18T00:30:00,2008-06-07T23:30:00,taxi
erjboy,2008-05-18T00:30:00,2008-06-07T23:30:00,taxi
erjcre,2008-05-18T00:30:00,2008-06-07T22:30:00,taxi
erjtai,2008-05-18T00:30:00,2008-06-07T23:30:00,taxi
erulgh,2008-05-18T00:30:00,2008-06-07T23:30:00,taxi
erwumu,2008-05-18T01:00:00,2008-06-07T23:30:00,taxi
eryeig,2008-05-18T00:30:00,2008-06-07T23:30:00,taxi
eshria,2008-05-18T00:00:00,2008-06-07T23:30:00,taxi
eshroa,2008-05-18T00:30:00,2008-06-07T23:30:00,taxi
esnddc,2008-05-18T00:30:00,2008-06-07T23:30:00,taxi
esudce,2008-05-18T00:30:00,2008-06-07T23:30:00,taxi
etalra,2008-05-18T01:30:00,2008-06-07T23:30:00,taxi
etirnf,2008-06-04T17:00:00,2008-06-07T23:30:00,taxi
etnads,2008-05-18T00:30:00,2008-06-07T23:30:00,taxi
eufdod,2008-05-18T01:00:00,2008-06-07T22:30:00,taxi
evbacc,2008-05-18T04:30:00,2008-06-07T23:30:00,taxi
evdyff,2008-05-18T00:30:00,2008-06-07T23:30:00,taxi
evfler,2008-05-18T05:00:00,2008-06-07T01:00:00,taxi
evijce,2008-05-18T00:30:00,2008-06-07T21:00:00,taxi
evjoko,2008-05-18T00:30:00,2008-06-07T23:30:00,taxi
evmaja,2008-05-18T00:30:00,2008-06-07T23:30:00,taxi
evtitd,2008-05-18T00:30:00,2008-06-07T23:30:00,taxi
ewbglo,2008-05-18T00:30:00,2008-06-07T23:30:00,taxi
ewedkl,2008-05-18T00:30:00,2008-06-07T23:30:00,taxi
ewufri,2008-05-18T00:30:00,2008-06-07T23:30:00,taxi
ewvnil,2008-05-18T00:30:00,2008-06-07T23:30:00,taxi
exskaf,2008-05-18T00:30:00,2008-06-07T23:30:00,taxi
eybmij,2008-05-18T00:30:00,2008-06-07T23:30:00,taxi
eybyay,2008-05-18T00:30:00,2008-06-07T23:00:00,taxi
eydadg,2008-06-05T11:30:00,2008-06-07T23:30:00,taxi
eytups,2008-05-18T00:30:00,2008-06-07T23:30:00,taxi
iacbyb,2008-05-18T07:00:00,2008-06-07T23:00:00,taxi
iackaw,2008-05-18T00:30:00,2008-06-07T23:30:00,taxi
iafbag,2008-05-19T06:30:00,2008-06-07T23:30:00,taxi
iafstn,2008-05-18T00:30:00,2008-06-07T23:30:00,taxi
iaggri,2008-05-18T00:30:00,2008-06-07T23:30:00,taxi
iagods,2008-06-05T01:30:00,2008-06-07T23:30:00,taxi
iahoro,2008-05-18T00:30:00,2008-06-07T23:00:00,taxi
iapber,2008-05-18T19:30:00,2008-06-07T23:30:00,taxi
iatmeu,2008-05-18T00:30:00,2008-06-07T23:30:00,taxi
iatojb,2008-05-18T00:30:00,2008-06-07T23:30:00,taxi
iawxbe,2008-05-18T00:30:00,2008-06-07T23:30:00,taxi
ibflsr,2008-05-18T00:30:00,2008-06-07T23:30:00,taxi
ibgryk,2008-05-18T00:30:00,2008-06-07T23:30:00,taxi
iblool,2008-05-18T00:30:00,2008-06-07T23:30:00,taxi
ibpijd,2008-05-18T00:30:00,2008-06-07T23:30:00,taxi
ibwici,2008-05-18T00:30:00,2008-06-07T23:00:00,taxi
icagpo,2008-05-18T00:30:00,2008-06-07T23:30:00,taxi
icdahe,2008-06-04T18:00:00,2008-06-07T23:30:00,taxi
icdapn,2008-05-18T00:30:00,2008-06-07T23:30:00,taxi
icdult,2008-05-23T16:00:00,2008-06-07T23:30:00,taxi
icedpa,2008-05-18T00:30:00,2008-06-07T23:30:00,taxi
ichank,2008-05-18T05:00:00,2008-06-07T23:00:00,taxi
ichiki,2008-05-18T00:30:00,2008-06-07T23:30:00,taxi
ickguw,2008-05-18T00:30:00,2008-06-07T23:30:00,taxi
ickphi,2008-05-18T00:30:00,2008-06-07T23:30:00,taxi
ickviy,2008-05-18T00:30:00,2008-06-07T23:30:00,taxi
icodmu,2008-05-18T00:30:00,2008-06-07T23:30:00,taxi
ictlyp,2008-05-18T00:30:00,2008-06-07T23:30:00,taxi
ictmuo,2008-05-18T00:30:00,2008-06-05T09:30:00,taxi
icwiro,2008-05-18T00:30:00,2008-06-07T23:30:00,taxi
idbayb,2008-05-18T00:30:00,2008-06-07T23:30:00,taxi
idcadg,2008-05-18T00:30:00,2008-06-07T23:30:00,taxi
ideutg,2008-05-18T00:30:00,2008-06-07T23:30:00,taxi
idholv,2008-05-18T00:30:00,2008-06-07T23:30:00,taxi
idjoat,2008-06-06T17:00:00,2008-06-07T16:30:00,taxi
idjojw,2008-05-23T20:00:00,2008-06-07T23:30:00,taxi
idjokv,2008-05-18T00:30:00,2008-06-07T23:30:00,taxi
idlorr,2008-05-18T00:30:00,2008-06-07T23:00:00,taxi
idodly,2008-05-18T00:30:00,2008-06-07T23:00:00,taxi
idshyw,2008-05-18T09:00:00,2008-06-07T23:30:00,taxi
idsmuk,2008-05-18T00:30:00,2008-06-07T23:30:00,taxi
idtwal,2008-06-05T20:30:00,2008-06-07T23:30:00,taxi
idvoww,2008-05-18T00:30:00,2008-06-07T23:30:00,taxi
ifanfa,2008-05-18T00:30:00,2008-06-07T16:00:00,taxi
ifefro,2008-05-18T07:30:00,2008-06-05T22:30:00,taxi
ifelas,2008-05-18T00:30:00,2008-06-07T23:30:00,taxi
ifeshc,2008-05-19T15:30:00,2008-05-19T20:00:00,taxi
ifkald,2008-05-18T00:30:00,2008-06-07T23:30:00,taxi
ifragc,2008-05-18T07:30:00,2008-06-07T23:30:00,taxi
igglit,2008-05-18T00:30:00,2008-06-07T23:30:00,taxi
igsoys,2008-05-18T00:30:00,2008-06-07T23:30:00,taxi
igvidt,2008-05-18T00:30:00,2008-06-07T23:30:00,taxi
ijcoga,2008-05-18T00:30:00,2008-06-07T23:30:00,taxi
ijdeyd,2008-05-18T00:30:00,2008-06-07T23:30:00,taxi
ijhigo,2008-05-18T00:30:00,2008-06-07T23:30:00,taxi
ijhipv,2008-05-18T00:30:00,2008-06-07T23:30:00,taxi
ijpiaw,2008-05-18T00:30:00,2008-06-07T23:30:00,taxi
ijpruk,2008-05-18T00:30:00,2008-06-07T23:30:00,taxi
ijthin,2008-05-18T05:30:00,2008-06-07T23:30:00,taxi
ijtowh,2008-05-18T00:30:00,2008-06-07T23:30:00,taxi
ikdagc,2008-05-18T03:30:00,2008-06-07T23:30:00,taxi
ikkimm,2008-05-18T00:30:00,2008-06-07T23:00:00,taxi
ikujfu,2008-05-18T00:30:00,2008-06-07T23:30:00,taxi
ilcoby,2008-05-18T00:30:00,2008-06-07T23:30:00,taxi
ilkble,2008-05-18T00:30:00,2008-06-07T23:30:00,taxi
ilkedv,2008-05-18T00:30:00,2008-06-07T23:30:00,taxi
ilyutj,2008-05-18T00:30:00,2008-06-07T23:30:00,taxi
imhacy,2008-05-18T00:30:00,2008-06-06T21:30:00,taxi
imnees,2008-05-18T01:00:00,2008-06-07T23:30:00,taxi
imoikc,2008-05-18T00:30:00,2008-06-07T23:30:00,taxi
imwryt,2008-05-18T00:30:00,2008-06-07T23:30:00,taxi
imwyoj,2008-05-18T00:30:00,2008-06-07T23:30:00,taxi
inckki,2008-05-18T00:30:00,2008-06-07T23:30:00,taxi
indtwr,2008-05-18T00:30:00,2008-06-07T23:30:00,taxi
indyep,2008-05-18T00:30:00,2008-06-07T22:30:00,taxi
inghog,2008-05-18T00:30:00,2008-06-07T23:30:00,taxi
inghot,2008-05-18T00:30:00,2008-06-07T23:30:00,taxi
inhial,2008-05-18T00:30:00,2008-05-30T23:00:00,taxi
inlica,2008-05-18T00:30:00,2008-06-07T23:30:00,taxi
inquay,2008-05-18T00:30:00,2008-06-07T23:30:00,taxi
inshfo,2008-05-18T07:00:00,2008-05-22T14:00:00,taxi
insodf,2008-05-18T00:30:00,2008-06-07T23:30:00,taxi
ioajdi,2008-05-18T00:30:00,2008-06-07T23:30:00,taxi
ioangi,2008-05-18T00:30:00,2008-06-07T03:00:00,taxi
iodjie,2008-05-18T00:30:00,2008-06-07T23:30:00,taxi
iodlac,2008-05-19T07:30:00,2008-06-07T23:30:00,taxi
iofpli,2008-05-18T00:30:00,2008-06-07T23:30:00,taxi
ioivkn,2008-05-18T00:30:00,2008-06-07T19:30:00,taxi
iorjtw,2008-05-18T00:30:00,2008-06-07T23:30:00,taxi
iotklo,2008-05-18T00:30:00,2008-06-07T23:30:00,taxi
iovhar,2008-05-18T00:30:00,2008-06-07T23:30:00,taxi
iovlit,2008-05-18T00:30:00,2008-06-07T23:30:00,taxi
ioytgo,2008-05-18T02:30:00,2008-06-07T23:30:00,taxi
ipdioi,2008-05-18T00:30:00,2008-06-07T23:30:00,taxi
ipdraw,2008-06-05T19:30:00,2008-06-07T23:00:00,taxi
iphesp,2008-05-18T00:30:00,2008-06-07T23:00:00,taxi
iphybc,2008-05-18T00:30:00,2008-06-07T23:30:00,taxi
ipjier,2008-05-18T00:30:00,2008-06-07T23:30:00,taxi
ippfei,2008-05-22T18:00:00,2008-06-07T23:30:00,taxi
irjfen,2008-05-18T00:30:00,2008-06-07T23:30:00,taxi
isekdy,2008-05-18T00:30:00,2008-06-07T23:30:00,taxi
isfikt,2008-05-18T00:30:00,2008-06-07T23:30:00,taxi
ishvir,2008-05-18T00:30:00,2008-06-07T23:30:00,taxi
isnthl,2008-05-18T09:30:00,2008-05-25T01:00:00,taxi
ispaww,2008-05-18T00:30:00,2008-06-07T23:30:00,taxi
isvayd,2008-05-18T00:30:00,2008-06-07T22:30:00,taxi
itacfl,2008-05-18T00:30:00,2008-06-07T23:30:00,taxi
itbadp,2008-05-18T00:30:00,2008-06-07T23:30:00,taxi
itbejs,2008-05-18T07:00:00,2008-06-07T23:30:00,taxi
itcemr,2008-05-18T00:30:00,2008-06-07T04:30:00,taxi
ithpet,2008-05-18T00:30:00,2008-06-07T23:30:00,taxi
itmeps,2008-05-18T14:30:00,2008-06-07T23:30:00,taxi
itpivo,2008-05-18T00:30:00,2008-06-07T23:00:00,taxi
itquir,2008-05-18T00:30:00,2008-06-07T23:30:00,taxi
ivheoo,2008-05-18T00:30:00,2008-06-07T23:30:00,taxi
ivkock,2008-05-18T00:30:00,2008-06-07T23:30:00,taxi
izowcu,2008-05-18T00:30:00,2008-06-07T16:30:00,taxi
oadwow,2008-06-06T08:30:00,2008-06-07T23:30:00,taxi
oafhyn,2008-05-18T00:30:00,2008-06-07T19:00:00,taxi
oahudf,2008-05-18T00:30:00,2008-06-07T16:00:00,taxi
oakpik,2008-05-18T00:30:00,2008-06-07T17:00:00,taxi
oapwyc,2008-05-18T00:30:00,2008-06-07T23:30:00,taxi
oasthu,2008-05-18T17:00:00,2008-06-07T23:00:00,taxi
obacva,2008-05-18T00:30:00,2008-06-07T23:30:00,taxi
obceoo,2008-05-18T00:30:00,2008-06-07T23:30:00,taxi
obheuj,2008-05-18T00:30:00,2008-06-07T23:30:00,taxi
objoyh,2008-05-18T00:30:00,2008-05-18T07:30:00,taxi
oblyag,2008-05-18T00:30:00,2008-06-07T23:30:00,taxi
obsimj,2008-05-18T00:30:00,2008-06-07T23:30:00,taxi
occeyd,2008-05-18T00:30:00,2008-06-07T23:30:00,taxi
occrok,2008-05-18T00:30:00,2008-06-07T23:30:00,taxi
ochotc,2008-05-18T00:30:00,2008-06-07T23:30:00,taxi
ochtin,2008-05-18T00:30:00,2008-06-07T23:30:00,taxi
ocjeng,2008-05-18T00:30:00,2008-06-07T23:30:00,taxi
ockiho,2008-05-18T00:30:00,2008-06-07T23:30:00,taxi
ockoac,2008-05-28T14:00:00,2008-06-06T15:00:00,taxi
ockolr,2008-05-21T16:30:00,2008-06-07T23:30:00,taxi
ocshit,2008-05-18T00:30:00,2008-06-07T23:30:00,taxi
ocwyit,2008-05-18T01:30:00,2008-06-07T23:30:00,taxi
odklob,2008-05-18T00:30:00,2008-06-07T23:30:00,taxi
odlorh,2008-05-18T00:30:00,2008-06-07T23:30:00,taxi
odocje,2008-05-18T00:30:00,2008-06-07T23:30:00,taxi
odolfe,2008-05-18T00:30:00,2008-06-07T23:30:00,taxi
odoywu,2008-05-18T00:30:00,2008-06-07T23:30:00,taxi
odscix,2008-05-18T00:30:00,2008-06-07T23:30:00,taxi
ofikco,2008-05-18T00:30:00,2008-06-07T23:30:00,taxi
ofjeeq,2008-05-18T00:30:00,2008-06-07T23:30:00,taxi
ofodwo,2008-05-18T00:30:00,2008-06-07T23:30:00,taxi
ogawje,2008-05-18T02:00:00,2008-06-07T03:00:00,taxi
ogdygd,2008-05-18T00:30:00,2008-06-07T02:30:00,taxi
oggluv,2008-05-18T09:30:00,2008-06-07T18:00:00,taxi
ogijtr,2008-05-18T00:30:00,2008-06-07T23:30:00,taxi
ogikli,2008-05-18T00:30:00,2008-06-07T23:30:00,taxi
ogjoch,2008-05-18T00:30:00,2008-06-07T23:30:00,taxi
ognoww,2008-05-18T00:30:00,2008-06-07T21:30:00,taxi
ogofvo,2008-05-29T07:30:00,2008-06-07T23:30:00,taxi
ogphag,2008-05-18T00:30:00,2008-06-07T23:30:00,taxi
ogshtc,2008-05-18T00:30:00,2008-06-07T23:30:00,taxi
ogurju,2008-05-18T00:30:00,2008-06-07T23:30:00,taxi
oiphye,2008-05-18T00:30:00,2008-06-07T08:30:00,taxi
oipial,2008-05-18T00:30:00,2008-06-07T23:00:00,taxi
oirzgo,2008-05-18T07:30:00,2008-06-07T23:30:00,taxi
oivnab,2008-05-18T01:30:00,2008-06-07T23:30:00,taxi
ojachm,2008-05-18T00:30:00,2008-06-07T23:30:00,taxi
ojbaso,2008-05-18T00:30:00,2008-06-07T23:30:00,taxi
ojfann,2008-05-18T00:30:00,2008-06-07T23:30:00,taxi
ojfequ,2008-05-18T00:30:00,2008-06-07T23:30:00,taxi
ojfiez,2008-05-18T00:30:00,2008-06-07T15:00:00,taxi
ojpoot,2008-05-18T00:00:00,2008-06-07T23:30:00,taxi
ojroig,2008-05-18T00:30:00,2008-06-07T23:30:00,taxi
ojumna,2008-05-18T07:00:00,2008-06-07T23:30:00,taxi
ojvigh,2008-05-18T00:30:00,2008-06-07T23:30:00,taxi
ojwyky,2008-05-18T00:30:00,2008-06-07T15:30:00,taxi
okavka,2008-05-18T00:30:00,2008-06-07T23:30:00,taxi
okblah,2008-05-18T00:30:00,2008-06-07T23:30:00,taxi
okchym,2008-05-18T00:30:00,2008-06-07T23:30:00,taxi
okneyd,2008-05-26T09:00:00,2008-06-07T23:30:00,taxi
oknsco,2008-05-18T00:30:00,2008-06-07T23:30:00,taxi
okquak,2008-05-18T00:30:00,2008-06-07T23:30:00,taxi
oksbos,2008-05-18T00:30:00,2008-06-07T23:30:00,taxi
oktuls,2008-05-18T00:30:00,2008-06-07T23:30:00,taxi
okvats,2008-05-18T00:30:00,2008-06-07T23:30:00,taxi
oljnek,2008-05-18T00:30:00,2008-06-07T19:00:00,taxi
omcuky,2008-05-18T08:30:00,2008-06-07T23:00:00,taxi
omdrid,2008-05-18T00:30:00,2008-05-24T02:30:00,taxi
omluaj,2008-05-18T00:30:00,2008-06-07T23:00:00,taxi
omwyek,2008-05-18T00:30:00,2008-06-07T23:30:00,taxi
onanns,2008-05-18T00:30:00,2008-05-20T15:30:00,taxi
oncalk,2008-05-18T00:30:00,2008-06-07T23:30:00,taxi
oncixp,2008-05-18T00:30:00,2008-06-07T23:00:00,taxi
onghoj,2008-05-18T00:30:00,2008-06-07T23:30:00,taxi
onkawc,2008-05-18T00:30:00,2008-06-07T23:30:00,taxi
ononma,2008-05-18T00:30:00,2008-06-07T23:30:00,taxi
onvahe,2008-05-18T00:30:00,2008-06-07T23:30:00,taxi
onwohy,2008-05-18T00:30:00,2008-06-07T23:30:00,taxi
onyacj,2008-05-18T00:30:00,2008-06-07T23:30:00,taxi
onyenr,2008-05-18T00:30:00,2008-06-07T23:30:00,taxi
oocsod,2008-05-18T00:30:00,2008-06-07T23:30:00,taxi
oogchy,2008-05-18T00:30:00,2008-06-07T23:30:00,taxi
ootquo,2008-05-18T00:30:00,2008-06-07T23:30:00,taxi
ootyec,2008-05-18T00:30:00,2008-06-07T23:30:00,taxi
oowfmu,2008-05-19T12:30:00,2008-05-21T08:30:00,taxi
opgove,2008-05-18T00:30:00,2008-06-07T23:30:00,taxi
ophgir,2008-05-18T00:30:00,2008-06-07T15:30:00,taxi
ophugb,2008-05-18T00:30:00,2008-06-07T23:30:00,taxi
opjerm,2008-05-18T00:30:00,2008-06-07T23:30:00,taxi
opmisa,2008-05-18T00:30:00,2008-06-07T23:30:00,taxi
opnown,2008-05-18T00:30:00,2008-06-07T23:30:00,taxi
oquiat,2008-05-18T00:30:00,2008-06-07T23:30:00,taxi
orkbat,2008-05-18T00:30:00,2008-06-07T23:30:00,taxi
orocdu,2008-05-18T00:30:00,2008-05-31T01:30:00,taxi
orptme,2008-05-18T00:30:00,2008-06-07T23:30:00,taxi
orrrar,2008-05-18T00:30:00,2008-06-07T23:30:00,taxi
orsyal,2008-05-18T00:30:00,2008-06-07T23:30:00,taxi
osacmu,2008-05-18T00:30:00,2008-05-25T19:00:00,taxi
osckro,2008-05-18T00:30:00,2008-06-07T23:30:00,taxi
oshyon,2008-05-18T00:30:00,2008-06-07T23:30:00,taxi
osocce,2008-05-18T00:30:00,2008-06-07T23:30:00,taxi
otasfi,2008-05-18T00:30:00,2008-06-07T23:30:00,taxi
otfaho,2008-05-18T00:30:00,2008-06-07T23:00:00,taxi
otmego,2008-05-18T01:00:00,2008-06-07T16:00:00,taxi
otscok,2008-05-18T00:30:00,2008-06-07T23:30:00,taxi
otswra,2008-05-21T18:30:00,2008-06-07T23:00:00,taxi
otvasd,2008-05-18T00:30:00,2008-06-07T23:30:00,taxi
ouvdan,2008-05-18T08:00:00,2008-06-07T23:30:00,taxi
ovkojy,2008-05-18T00:30:00,2008-06-07T16:00:00,taxi
ovnacg,2008-05-18T00:30:00,2008-06-07T23:00:00,taxi
ovyijn,2008-05-18T00:30:00,2008-06-07T23:30:00,taxi
owbsus,2008-05-18T00:30:00,2008-06-07T23:30:00,taxi
owgves,2008-05-18T00:30:00,2008-06-07T23:30:00,taxi
owhagm,2008-05-21T13:00:00,2008-06-07T23:00:00,taxi
owufre,2008-05-18T00:30:00,2008-06-07T23:00:00,taxi
oxdogh,2008-05-19T05:30:00,2008-06-07T23:00:00,taxi
oyclsd,2008-05-18T00:30:00,2008-06-07T23:30:00,taxi
oydtes,2008-05-18T00:30:00,2008-06-07T23:30:00,taxi
oygmeb,2008-05-18T00:30:00,2008-06-07T23:30:00,taxi
oygvar,2008-05-18T07:00:00,2008-06-07T22:00:00,taxi
ubgiho,2008-05-18T00:30:00,2008-06-07T23:30:00,taxi
ubjajo,2008-05-18T00:30:00,2008-06-07T23:30:00,taxi
ubjaju,2008-05-18T00:30:00,2008-06-07T15:30:00,taxi
ubnank,2008-05-18T00:30:00,2008-06-07T23:30:00,taxi
ubzach,2008-05-18T00:30:00,2008-06-04T22:30:00,taxi
ucbiya,2008-05-18T00:30:00,2008-06-07T23:30:00,taxi
ucdewy,2008-05-25T21:30:00,2008-06-07T23:30:00,taxi
ucgewf,2008-05-18T00:30:00,2008-06-07T23:30:00,taxi
uchjaf,2008-05-18T00:30:00,2008-06-07T23:00:00,taxi
ucovla,2008-05-18T00:30:00,2008-06-07T23:30:00,taxi
ucvepn,2008-05-18T11:00:00,2008-06-07T23:30:00,taxi
udguic,2008-05-18T00:30:00,2008-06-07T23:00:00,taxi
udthon,2008-05-18T07:00:00,2008-06-07T23:30:00,taxi
udtiog,2008-05-18T00:30:00,2008-06-07T23:30:00,taxi
udveoy,2008-05-18T00:30:00,2008-06-07T23:00:00,taxi
udwadl,2008-05-18T00:30:00,2008-06-07T23:30:00,taxi
udwebi,2008-05-18T05:00:00,2008-06-06T16:00:00,taxi
udwiul,2008-05-18T00:30:00,2008-06-07T23:30:00,taxi
ufdoyn,2008-05-18T00:30:00,2008-06-07T23:30:00,taxi
ugatna,2008-05-18T00:30:00,2008-06-07T23:30:00,taxi
ugdifb,2008-05-18T01:30:00,2008-06-07T13:00:00,taxi
uggdye,2008-05-18T00:30:00,2008-06-07T23:30:00,taxi
ugifma,2008-05-18T00:30:00,2008-06-07T23:30:00,taxi
ugthfu,2008-05-18T08:00:00,2008-06-07T22:30:00,taxi
ujhuki,2008-05-18T00:30:00,2008-06-07T23:30:00,taxi
ujkiwe,2008-05-18T04:00:00,2008-06-07T23:00:00,taxi
ujnaww,2008-05-18T00:30:00,2008-06-07T23:30:00,taxi
ujtosh,2008-05-24T15:00:00,2008-06-07T23:30:00,taxi
ujtrud,2008-05-18T00:30:00,2008-06-07T23:30:00,taxi
ukgoaf,2008-05-18T00:30:00,2008-06-07T23:00:00,taxi
uklsdr,2008-05-18T00:30:00,2008-06-07T23:30:00,taxi
uljior,2008-05-18T00:30:00,2008-06-07T23:30:00,taxi
umhenw,2008-05-18T00:30:00,2008-06-07T23:30:00,taxi
umsmth,2008-05-18T00:30:00,2008-06-07T23:30:00,taxi
umvohu,2008-05-18T00:30:00,2008-06-07T23:30:00,taxi
unquek,2008-05-18T00:30:00,2008-06-07T23:30:00,taxi
unwrai,2008-06-02T17:00:00,2008-06-07T23:30:00,taxi
upchim,2008-05-18T00:30:00,2008-06-07T23:30:00,taxi
upsjav,2008-05-18T00:30:00,2008-06-07T23:30:00,taxi
upthin,2008-05-18T03:30:00,2008-06-07T23:30:00,taxi
urfhod,2008-05-19T14:30:00,2008-06-07T23:30:00,taxi
usadri,2008-05-18T01:00:00,2008-06-07T23:00:00,taxi
usbekh,2008-05-18T00:30:00,2008-06-07T23:30:00,taxi
ushfeo,2008-05-18T00:30:00,2008-06-07T23:30:00,taxi
uthiss,2008-05-18T01:30:00,2008-06-07T23:00:00,taxi
uthomo,2008-05-18T00:30:00,2008-06-07T23:30:00,taxi
uthsyi,2008-05-18T15:30:00,2008-06-07T23:30:00,taxi
utjanr,2008-05-18T00:30:00,2008-06-07T23:30:00,taxi
utkibe,2008-05-18T00:30:00,2008-06-07T23:00:00,taxi
utlurv,2008-05-18T00:30:00,2008-06-07T23:30:00,taxi
utthwa,2008-05-31T18:00:00,2008-06-07T23:30:00,taxi
uttorh,2008-05-18T00:30:00,2008-06-05T18:30:00,taxi
utvoho,2008-05-18T00:30:00,2008-06-07T23:30:00,taxi
utwoab,2008-05-18T00:30:00,2008-06-07T23:30:00,taxi
uvburk,2008-05-18T00:30:00,2008-06-07T23:30:00,taxi
uvigch,2008-05-18T00:30:00,2008-06-07T23:30:00,taxi
uvjeah,2008-05-18T00:30:00,2008-06-07T23:30:00,taxi
uvjova,2008-05-18T00:30:00,2008-06-07T23:30:00,taxi
uvreoi,2008-05-18T00:30:00,2008-06-07T23:30:00,taxi
