user_id,sample_interval_min,interpolation_method,mode,num_points
abboip,30,linear,taxi,1007
abboip,30,nearest,taxi,582
abcoij,30,linear,taxi,574
abcoij,30,nearest,taxi,5
abdrem,30,linear,taxi,1003
abdrem,30,nearest,taxi,738
abgibo,30,linear,taxi,1007
abgibo,30,nearest,taxi,704
abjool,30,linear,taxi,1007
abjool,30,nearest,taxi,181
abmuya,30,linear,taxi,993
abmuya,30,nearest,taxi,589
abniar,30,linear,taxi,1007
abniar,30,nearest,taxi,791
abnovk,30,linear,taxi,995
abnovk,30,nearest,taxi,581
abtyff,30,linear,taxi,1007
abtyff,30,nearest,taxi,658
abwecn,30,linear,taxi,1007
abwecn,30,nearest,taxi,753
abyalw,30,linear,taxi,1007
abyalw,30,nearest,taxi,586
acdiyi,30,linear,taxi,1007
acdiyi,30,nearest,taxi,371
acduou,30,linear,taxi,1007
acduou,30,nearest,taxi,641
acgerl,30,linear,taxi,686
acgerl,30,nearest,taxi,394
acitva,30,linear,taxi,1007
acitva,30,nearest,taxi,408
ackgri,30,linear,taxi,591
ackgri,30,nearest,taxi,347
acpegh,30,linear,taxi,1007
acpegh,30,nearest,taxi,795
acvebr,30,linear,taxi,994
acvebr,30,nearest,taxi,635
adkavy,30,linear,taxi,1007
adkavy,30,nearest,taxi,466
adners,30,linear,taxi,1007
adners,30,nearest,taxi,694
adpaif,30,linear,taxi,991
adpaif,30,nearest,taxi,670
aducri,30,linear,taxi,1007
aducri,30,nearest,taxi,646
afmorc,30,linear,taxi,1007
afmorc,30,nearest,taxi,626
afpans,30,linear,taxi,1007
afpans,30,nearest,taxi,720
afsfat,30,linear,taxi,1002
afsfat,30,nearest,taxi,562
afweka,30,linear,taxi,1007
afweka,30,nearest,taxi,645
agcowk,30,linear,taxi,1007
agcowk,30,nearest,taxi,549
agdrea,30,linear,taxi,1007
agdrea,30,nearest,taxi,589
aggjuo,30,linear,taxi,1008
aggjuo,30,nearest,taxi,775
agivle,30,linear,taxi,1007
agivle,30,nearest,taxi,751
agjitf,30,linear,taxi,1007
agjitf,30,nearest,taxi,757
agsuec,30,linear,taxi,1007
agsuec,30,nearest,taxi,634
agvexp,30,linear,taxi,1006
agvexp,30,nearest,taxi,632
agyamk,30,linear,taxi,1004
agyamk,30,nearest,taxi,275
aichas,30,linear,taxi,1007
aichas,30,nearest,taxi,534
ailbcu,30,linear,taxi,1005
ailbcu,30,nearest,taxi,468
aimidd,30,linear,taxi,1007
aimidd,30,nearest,taxi,671
ainpli,30,linear,taxi,1007
ainpli,30,nearest,taxi,717
aitpyg,30,linear,taxi,1007
aitpyg,30,nearest,taxi,734
aivtyt,30,linear,taxi,824
aivtyt,30,nearest,taxi,544
aiwalb,30,linear,taxi,1007
aiwalb,30,nearest,taxi,651
ajixdo,30,linear,taxi,817
ajixdo,30,nearest,taxi,508
ajsips,30,linear,taxi,1007
ajsips,30,nearest,taxi,719
ajsned,30,linear,taxi,1007
ajsned,30,nearest,taxi,716
ajthof,30,linear,taxi,992
ajthof,30,nearest,taxi,637
ajtreo,30,linear,taxi,1005
ajtreo,30,nearest,taxi,438
akgicj,30,linear,taxi,1007
akgicj,30,nearest,taxi,713
akvutv,30,linear,taxi,1007
akvutv,30,nearest,taxi,708
akyeer,30,linear,taxi,990
akyeer,30,nearest,taxi,645
aldhid,30,linear,taxi,1006
aldhid,30,nearest,taxi,390
alnihi,30,linear,taxi,1007
alnihi,30,nearest,taxi,709
alshet,30,linear,taxi,1006
alshet,30,nearest,taxi,691
amciuc,30,linear,taxi,990
amciuc,30,nearest,taxi,560
amknyw,30,linear,taxi,1007
amknyw,30,nearest,taxi,703
amnurg,30,linear,taxi,843
amnurg,30,nearest,taxi,422
amvefa,30,linear,taxi,1007
amvefa,30,nearest,taxi,502
amwibs,30,linear,taxi,1007
amwibs,30,nearest,taxi,722
ancedv,30,linear,taxi,346
ancedv,30,nearest,taxi,214
ancorj,30,linear,taxi,1005
ancorj,30,nearest,taxi,640
ancycl,30,linear,taxi,1006
ancycl,30,nearest,taxi,579
andyol,30,linear,taxi,1007
andyol,30,nearest,taxi,774
aniajc,30,linear,taxi,1007
aniajc,30,nearest,taxi,690
anidgi,30,linear,taxi,1007
anidgi,30,nearest,taxi,639
ankped,30,linear,taxi,1007
ankped,30,nearest,taxi,719
ansyut,30,linear,taxi,1002
ansyut,30,nearest,taxi,621
anucks,30,linear,taxi,1007
anucks,30,nearest,taxi,697
anupwr,30,linear,taxi,1007
anupwr,30,nearest,taxi,472
apigcy,30,linear,taxi,1007
apigcy,30,nearest,taxi,712
appsri,30,linear,taxi,1007
appsri,30,nearest,taxi,553
apssky,30,linear,taxi,1007
apssky,30,nearest,taxi,631
aquawa,30,linear,taxi,1007
aquawa,30,nearest,taxi,659
arcksy,30,linear,taxi,1007
arcksy,30,nearest,taxi,747
arcuim,30,linear,taxi,1006
arcuim,30,nearest,taxi,592
arcurb,30,linear,taxi,1008
arcurb,30,nearest,taxi,718
arhilb,30,linear,taxi,1007
arhilb,30,nearest,taxi,725
arlwra,30,linear,taxi,1007
arlwra,30,nearest,taxi,752
arphau,30,linear,taxi,1007
arphau,30,nearest,taxi,685
artgag,30,linear,taxi,900
artgag,30,nearest,taxi,690
ascley,30,linear,taxi,995
ascley,30,nearest,taxi,760
ashgat,30,linear,taxi,480
ashgat,30,nearest,taxi,368
asigno,30,linear,taxi,1007
asigno,30,nearest,taxi,801
askmec,30,linear,taxi,1007
askmec,30,nearest,taxi,667
aslagn,30,linear,taxi,1004
aslagn,30,nearest,taxi,578
aswift,30,linear,taxi,1007
aswift,30,nearest,taxi,774
atcila,30,linear,taxi,1007
atcila,30,nearest,taxi,646
atfrav,30,linear,taxi,752
atfrav,30,nearest,taxi,350
atfrim,30,linear,taxi,1006
atfrim,30,nearest,taxi,664
atidfi,30,linear,taxi,1007
atidfi,30,nearest,taxi,773
atnokv,30,linear,taxi,1006
atnokv,30,nearest,taxi,623
atsfiv,30,linear,taxi,166
atsfiv,30,nearest,taxi,119
atzumb,30,linear,taxi,1007
atzumb,30,nearest,taxi,652
aucjun,30,linear,taxi,821
aucjun,30,nearest,taxi,210
auctji,30,linear,taxi,1007
auctji,30,nearest,taxi,636
aupcli,30,linear,taxi,272
aupcli,30,nearest,taxi,143
aurjye,30,linear,taxi,1007
aurjye,30,nearest,taxi,410
avdyab,30,linear,taxi,1007
avdyab,30,nearest,taxi,602
avglyb,30,linear,taxi,1007
avglyb,30,nearest,taxi,379
aviltl,30,linear,taxi,1006
aviltl,30,nearest,taxi,650
avpavi,30,linear,taxi,1007
avpavi,30,nearest,taxi,560
awnbeb,30,linear,taxi,988
awnbeb,30,nearest,taxi,598
awrenb,30,linear,taxi,1006
awrenb,30,nearest,taxi,778
awribi,30,linear,taxi,965
awribi,30,nearest,taxi,562
aydwah,30,linear,taxi,968
aydwah,30,nearest,taxi,728
ayfsdu,30,linear,taxi,1007
ayfsdu,30,nearest,taxi,660
aygpha,30,linear,taxi,928
aygpha,30,nearest,taxi,552
aypudb,30,linear,taxi,1007
aypudb,30,nearest,taxi,708
ayquas,30,linear,taxi,926
ayquas,30,nearest,taxi,608
ayquex,30,linear,taxi,1007
ayquex,30,nearest,taxi,777
ayshek,30,linear,taxi,1007
ayshek,30,nearest,taxi,581
ayshow,30,linear,taxi,1007
ayshow,30,nearest,taxi,47
aysmsl,30,linear,taxi,1007
aysmsl,30,nearest,taxi,729
eacder,30,linear,taxi,1006
eacder,30,nearest,taxi,622
eadect,30,linear,taxi,1007
eadect,30,nearest,taxi,579
eagbac,30,linear,taxi,908
eagbac,30,nearest,taxi,363
eapceo,30,linear,taxi,1007
eapceo,30,nearest,taxi,766
easnsv,30,linear,taxi,1007
easnsv,30,nearest,taxi,476
eavcai,30,linear,taxi,1007
eavcai,30,nearest,taxi,699
eavfli,30,linear,taxi,1005
eavfli,30,nearest,taxi,744
ebcicy,30,linear,taxi,1007
ebcicy,30,nearest,taxi,641
ebdafy,30,linear,taxi,1007
ebdafy,30,nearest,taxi,762
ebenfr,30,linear,taxi,1007
ebenfr,30,nearest,taxi,521
ebrulr,30,linear,taxi,1007
ebrulr,30,nearest,taxi,622
ebstic,30,linear,taxi,1007
ebstic,30,nearest,taxi,390
eccest,30,linear,taxi,1007
eccest,30,nearest,taxi,676
ecdiwo,30,linear,taxi,1007
ecdiwo,30,nearest,taxi,679
ecfesy,30,linear,taxi,1007
ecfesy,30,nearest,taxi,728
ecforj,30,linear,taxi,1006
ecforj,30,nearest,taxi,738
ecgojt,30,linear,taxi,1007
ecgojt,30,nearest,taxi,708
ecjeod,30,linear,taxi,1007
ecjeod,30,nearest,taxi,658
eckeck,30,linear,taxi,853
eckeck,30,nearest,taxi,449
ecnopl,30,linear,taxi,1006
ecnopl,30,nearest,taxi,689
eddreb,30,linear,taxi,1006
eddreb,30,nearest,taxi,600
edeejd,30,linear,taxi,1007
edeejd,30,nearest,taxi,724
edglev,30,linear,taxi,1007
edglev,30,nearest,taxi,676
edgrat,30,linear,taxi,1007
edgrat,30,nearest,taxi,701
edjiye,30,linear,taxi,1007
edjiye,30,nearest,taxi,791
edlyxy,30,linear,taxi,1007
edlyxy,30,nearest,taxi,697
edmugr,30,linear,taxi,1001
edmugr,30,nearest,taxi,751
ednill,30,linear,taxi,1007
ednill,30,nearest,taxi,768
edodbl,30,linear,taxi,1007
edodbl,30,nearest,taxi,632
edombo,30,linear,taxi,123
edombo,30,nearest,taxi,78
edrafs,30,linear,taxi,143
edrafs,30,nearest,taxi,114
eedigk,30,linear,taxi,1007
eedigk,30,nearest,taxi,743
eefayb,30,linear,taxi,1006
eefayb,30,nearest,taxi,665
eegcef,30,linear,taxi,962
eegcef,30,nearest,taxi,638
eemafb,30,linear,taxi,1006
eemafb,30,nearest,taxi,399
eenjou,30,linear,taxi,1007
eenjou,30,nearest,taxi,670
eersdo,30,linear,taxi,1007
eersdo,30,nearest,taxi,711
eesbaj,30,linear,taxi,1007
eesbaj,30,nearest,taxi,761
efcati,30,linear,taxi,990
efcati,30,nearest,taxi,671
effneo,30,linear,taxi,1007
effneo,30,nearest,taxi,776
efghak,30,linear,taxi,1007
efghak,30,nearest,taxi,600
efgoak,30,linear,taxi,1007
efgoak,30,nearest,taxi,707
efmymo,30,linear,taxi,161
efmymo,30,nearest,taxi,104
efonve,30,linear,taxi,1003
efonve,30,nearest,taxi,848
efsphe,30,linear,taxi,990
efsphe,30,nearest,taxi,647
eggfri,30,linear,taxi,1007
eggfri,30,nearest,taxi,692
eghanw,30,linear,taxi,905
eghanw,30,nearest,taxi,621
egloha,30,linear,taxi,1007
egloha,30,nearest,taxi,636
egnata,30,linear,taxi,1007
egnata,30,nearest,taxi,732
egreos,30,linear,taxi,1007
egreos,30,nearest,taxi,467
egteir,30,linear,taxi,818
egteir,30,nearest,taxi,435
egwicj,30,linear,taxi,1007
egwicj,30,nearest,taxi,340
eiboid,30,linear,taxi,1007
eiboid,30,nearest,taxi,595
eicmyn,30,linear,taxi,1001
eicmyn,30,nearest,taxi,426
eifvid,30,linear,taxi,1007
eifvid,30,nearest,taxi,677
eincuf,30,linear,taxi,946
eincuf,30,nearest,taxi,99
eitpem,30,linear,taxi,889
eitpem,30,nearest,taxi,259
ejcrur,30,linear,taxi,1007
ejcrur,30,nearest,taxi,526
ejesba,30,linear,taxi,1007
ejesba,30,nearest,taxi,478
ejkipu,30,linear,taxi,1006
ejkipu,30,nearest,taxi,527
ejnoax,30,linear,taxi,1007
ejnoax,30,nearest,taxi,503
ejshig,30,linear,taxi,1007
ejshig,30,nearest,taxi,810
ejtobu,30,linear,taxi,1007
ejtobu,30,nearest,taxi,753
ekenuc,30,linear,taxi,1007
ekenuc,30,nearest,taxi,717
ekfrab,30,linear,taxi,997
ekfrab,30,nearest,taxi,490
ektamy,30,linear,taxi,1007
ektamy,30,nearest,taxi,767
ektuyo,30,linear,taxi,1007
ektuyo,30,nearest,taxi,493
ekyosj,30,linear,taxi,1006
ekyosj,30,nearest,taxi,798
elafle,30,linear,taxi,1007
elafle,30,nearest,taxi,749
elbnax,30,linear,taxi,1007
elbnax,30,nearest,taxi,762
elfyea,30,linear,taxi,1007
elfyea,30,nearest,taxi,682
elhuyo,30,linear,taxi,266
elhuyo,30,nearest,taxi,136
ellimt,30,linear,taxi,1007
ellimt,30,nearest,taxi,587
elswck,30,linear,taxi,1006
elswck,30,nearest,taxi,754
elvgid,30,linear,taxi,189
elvgid,30,nearest,taxi,61
elwesn,30,linear,taxi,1007
elwesn,30,nearest,taxi,576
enarwe,30,linear,taxi,994
enarwe,30,nearest,taxi,679
enekbl,30,linear,taxi,1007
enekbl,30,nearest,taxi,680
enidmo,30,linear,taxi,995
enidmo,30,nearest,taxi,557
enjubp,30,linear,taxi,1007
enjubp,30,nearest,taxi,713
enkkan,30,linear,taxi,1007
enkkan,30,nearest,taxi,800
enyene,30,linear,taxi,161
enyene,30,nearest,taxi,86
enyons,30,linear,taxi,1007
enyons,30,nearest,taxi,812
eoccoi,30,linear,taxi,987
eoccoi,30,nearest,taxi,749
eoffri,30,linear,taxi,1007
eoffri,30,nearest,taxi,707
eoivqu,30,linear,taxi,1007
eoivqu,30,nearest,taxi,513
eokrac,30,linear,taxi,1006
eokrac,30,nearest,taxi,659
eolgug,30,linear,taxi,1007
eolgug,30,nearest,taxi,593
eoslui,30,linear,taxi,992
eoslui,30,nearest,taxi,755
eovsyt,30,linear,taxi,1007
eovsyt,30,nearest,taxi,720
eoydba,30,linear,taxi,609
eoydba,30,nearest,taxi,336
epabca,30,linear,taxi,1007
epabca,30,nearest,taxi,770
epemva,30,linear,taxi,1007
epemva,30,nearest,taxi,715
epkiap,30,linear,taxi,1007
epkiap,30,nearest,taxi,714
equioc,30,linear,taxi,1007
equioc,30,nearest,taxi,801
equoaw,30,linear,taxi,1007
equoaw,30,nearest,taxi,537
erjboy,30,linear,taxi,1007
erjboy,30,nearest,taxi,685
erjcre,30,linear,taxi,1005
erjcre,30,nearest,taxi,695
erjtai,30,linear,taxi,1007
erjtai,30,nearest,taxi,584
erulgh,30,linear,taxi,1007
erulgh,30,nearest,taxi,726
erwumu,30,linear,taxi,1006
erwumu,30,nearest,taxi,699
eryeig,30,linear,taxi,1007
eryeig,30,nearest,taxi,702
eshria,30,linear,taxi,1008
eshria,30,nearest,taxi,521
eshroa,30,linear,taxi,1007
eshroa,30,nearest,taxi,788
esnddc,30,linear,taxi,1007
esnddc,30,nearest,taxi,718
esudce,30,linear,taxi,1007
esudce,30,nearest,taxi,571
etalra,30,linear,taxi,1005
etalra,30,nearest,taxi,680
etirnf,30,linear,taxi,158
etirnf,30,nearest,taxi,58
etnads,30,linear,taxi,1007
etnads,30,nearest,taxi,788
eufdod,30,linear,taxi,1004
eufdod,30,nearest,taxi,578
evbacc,30,linear,taxi,999
evbacc,30,nearest,taxi,754
evdyff,30,linear,taxi,1007
evdyff,30,nearest,taxi,682
evfler,30,linear,taxi,953
evfler,30,nearest,taxi,387
evijce,30,linear,taxi,1002
evijce,30,nearest,taxi,258
evjoko,30,linear,taxi,1007
evjoko,30,nearest,taxi,760
evmaja,30,linear,taxi,1007
evmaja,30,nearest,taxi,282
evtitd,30,linear,taxi,1007
evtitd,30,nearest,taxi,764
ewbglo,30,linear,taxi,1007
ewbglo,30,nearest,taxi,541
ewedkl,30,linear,taxi,1007
ewedkl,30,nearest,taxi,412
ewufri,30,linear,taxi,1007
ewufri,30,nearest,taxi,768
ewvnil,30,linear,taxi,1007
ewvnil,30,nearest,taxi,632
exskaf,30,linear,taxi,1007
exskaf,30,nearest,taxi,811
eybmij,30,linear,taxi,1007
eybmij,30,nearest,taxi,720
eybyay,30,linear,taxi,1006
eybyay,30,nearest,taxi,710
eydadg,30,linear,taxi,121
eydadg,30,nearest,taxi,32
eytups,30,linear,taxi,1007
eytups,30,nearest,taxi,600
iacbyb,30,linear,taxi,993
iacbyb,30,nearest,taxi,362
iackaw,30,linear,taxi,1007
iackaw,30,nearest,taxi,718
iafbag,30,linear,taxi,947
iafbag,30,nearest,taxi,576
iafstn,30,linear,taxi,1007
iafstn,30,nearest,taxi,713
iaggri,30,linear,taxi,1007
iaggri,30,nearest,taxi,532
iagods,30,linear,taxi,141
iagods,30,nearest,taxi,96
iahoro,30,linear,taxi,1006
iahoro,30,nearest,taxi,634
iapber,30,linear,taxi,969
iapber,30,nearest,taxi,633
iatmeu,30,linear,taxi,1007
iatmeu,30,nearest,taxi,400
iatojb,30,linear,taxi,1007
iatojb,30,nearest,taxi,651
iawxbe,30,linear,taxi,1007
iawxbe,30,nearest,taxi,551
ibflsr,30,linear,taxi,1007
ibflsr,30,nearest,taxi,785
ibgryk,30,linear,taxi,1007
ibgryk,30,nearest,taxi,574
iblool,30,linear,taxi,1007
iblool,30,nearest,taxi,594
ibpijd,30,linear,taxi,1007
ibpijd,30,nearest,taxi,636
ibwici,30,linear,taxi,1006
ibwici,30,nearest,taxi,573
icagpo,30,linear,taxi,1007
icagpo,30,nearest,taxi,731
icdahe,30,linear,taxi,156
icdahe,30,nearest,taxi,60
icdapn,30,linear,taxi,1007
icdapn,30,nearest,taxi,802
icdult,30,linear,taxi,736
icdult,30,nearest,taxi,314
icedpa,30,linear,taxi,1007
icedpa,30,nearest,taxi,407
ichank,30,linear,taxi,997
ichank,30,nearest,taxi,568
ichiki,30,linear,taxi,1007
ichiki,30,nearest,taxi,712
ickguw,30,linear,taxi,1007
ickguw,30,nearest,taxi,719
ickphi,30,linear,taxi,1007
ickphi,30,nearest,taxi,695
ickviy,30,linear,taxi,1007
ickviy,30,nearest,taxi,608
icodmu,30,linear,taxi,1007
icodmu,30,nearest,taxi,427
ictlyp,30,linear,taxi,1007
ictlyp,30,nearest,taxi,439
ictmuo,30,linear,taxi,883
ictmuo,30,nearest,taxi,194
icwiro,30,linear,taxi,1007
icwiro,30,nearest,taxi,791
idbayb,30,linear,taxi,1007
idbayb,30,nearest,taxi,590
idcadg,30,linear,taxi,1007
idcadg,30,nearest,taxi,388
ideutg,30,linear,taxi,1007
ideutg,30,nearest,taxi,751
idholv,30,linear,taxi,1007
idholv,30,nearest,taxi,765
idjoat,30,linear,taxi,48
idjoat,30,nearest,taxi,47
idjojw,30,linear,taxi,728
idjojw,30,nearest,taxi,79
idjokv,30,linear,taxi,1007
idjokv,30,nearest,taxi,725
idlorr,30,linear,taxi,1006
idlorr,30,nearest,taxi,605
idodly,30,linear,taxi,1006
idodly,30,nearest,taxi,752
idshyw,30,linear,taxi,990
idshyw,30,nearest,taxi,560
idsmuk,30,linear,taxi,1007
idsmuk,30,nearest,taxi,691
idtwal,30,linear,taxi,103
idtwal,30,nearest,taxi,73
idvoww,30,linear,taxi,1007
idvoww,30,nearest,taxi,785
ifanfa,30,linear,taxi,992
ifanfa,30,nearest,taxi,338
ifefro,30,linear,taxi,895
ifefro,30,nearest,taxi,506
ifelas,30,linear,taxi,1007
ifelas,30,nearest,taxi,666
ifeshc,30,linear,taxi,10
ifkald,30,linear,taxi,1007
ifkald,30,nearest,taxi,571
ifragc,30,linear,taxi,993
ifragc,30,nearest,taxi,545
igglit,30,linear,taxi,1007
igglit,30,nearest,taxi,708
igsoys,30,linear,taxi,1007
igsoys,30,nearest,taxi,748
igvidt,30,linear,taxi,1007
igvidt,30,nearest,taxi,726
ijcoga,30,linear,taxi,1007
ijcoga,30,nearest,taxi,756
ijdeyd,30,linear,taxi,1007
ijdeyd,30,nearest,taxi,739
ijhigo,30,linear,taxi,1007
ijhigo,30,nearest,taxi,677
ijhipv,30,linear,taxi,1007
ijhipv,30,nearest,taxi,704
ijpiaw,30,linear,taxi,1007
ijpiaw,30,nearest,taxi,712
ijpruk,30,linear,taxi,1007
ijpruk,30,nearest,taxi,704
ijthin,30,linear,taxi,997
ijthin,30,nearest,taxi,602
ijtowh,30,linear,taxi,1007
ijtowh,30,nearest,taxi,739
ikdagc,30,linear,taxi,1001
ikdagc,30,nearest,taxi,604
ikkimm,30,linear,taxi,1006
ikkimm,30,nearest,taxi,814
ikujfu,30,linear,taxi,1007
ikujfu,30,nearest,taxi,610
ilcoby,30,linear,taxi,1007
ilcoby,30,nearest,taxi,697
ilkble,30,linear,taxi,1007
ilkble,30,nearest,taxi,508
ilkedv,30,linear,taxi,1007
ilkedv,30,nearest,taxi,557
ilyutj,30,linear,taxi,1007
ilyutj,30,nearest,taxi,779
imhacy,30,linear,taxi,955
imhacy,30,nearest,taxi,136
imnees,30,linear,taxi,1006
imnees,30,nearest,taxi,617
imoikc,30,linear,taxi,1007
imoikc,30,nearest,taxi,655
imwryt,30,linear,taxi,1007
imwryt,30,nearest,taxi,607
imwyoj,30,linear,taxi,1007
imwyoj,30,nearest,taxi,701
inckki,30,linear,taxi,1007
inckki,30,nearest,taxi,633
indtwr,30,linear,taxi,1007
indtwr,30,nearest,taxi,570
indyep,30,linear,taxi,1005
indyep,30,nearest,taxi,722
inghog,30,linear,taxi,1007
inghog,30,nearest,taxi,543
inghot,30,linear,taxi,1007
inghot,30,nearest,taxi,602
inhial,30,linear,taxi,622
inhial,30,nearest,taxi,157
inlica,30,linear,taxi,1007
inlica,30,nearest,taxi,701
inquay,30,linear,taxi,1007
inquay,30,nearest,taxi,690
inshfo,30,linear,taxi,207
inshfo,30,nearest,taxi,100
insodf,30,linear,taxi,1007
insodf,30,nearest,taxi,548
ioajdi,30,linear,taxi,1007
ioajdi,30,nearest,taxi,756
ioangi,30,linear,taxi,966
ioangi,30,nearest,taxi,512
iodjie,30,linear,taxi,1007
iodjie,30,nearest,taxi,708
iodlac,30,linear,taxi,945
iodlac,30,nearest,taxi,690
iofpli,30,linear,taxi,1007
iofpli,30,nearest,taxi,749
ioivkn,30,linear,taxi,999
ioivkn,30,nearest,taxi,605
iorjtw,30,linear,taxi,1007
iorjtw,30,nearest,taxi,762
iotklo,30,linear,taxi,1007
iotklo,30,nearest,taxi,683
iovhar,30,linear,taxi,1007
iovhar,30,nearest,taxi,761
iovlit,30,linear,taxi,1007
iovlit,30,nearest,taxi,728
ioytgo,30,linear,taxi,1003
ioytgo,30,nearest,taxi,496
ipdioi,30,linear,taxi,1007
ipdioi,30,nearest,taxi,641
ipdraw,30,linear,taxi,104
ipdraw,30,nearest,taxi,82
iphesp,30,linear,taxi,1006
iphesp,30,nearest,taxi,369
iphybc,30,linear,taxi,1007
iphybc,30,nearest,taxi,649
ipjier,30,linear,taxi,1007
ipjier,30,nearest,taxi,480
ippfei,30,linear,taxi,780
ippfei,30,nearest,taxi,587
irjfen,30,linear,taxi,1007
irjfen,30,nearest,taxi,756
isekdy,30,linear,taxi,1007
isekdy,30,nearest,taxi,717
isfikt,30,linear,taxi,1007
isfikt,30,nearest,taxi,582
ishvir,30,linear,taxi,1007
ishvir,30,nearest,taxi,720
isnthl,30,linear,taxi,320
isnthl,30,nearest,taxi,138
ispaww,30,linear,taxi,1007
ispaww,30,nearest,taxi,746
isvayd,30,linear,taxi,1005
isvayd,30,nearest,taxi,471
itacfl,30,linear,taxi,1007
itacfl,30,nearest,taxi,627
itbadp,30,linear,taxi,1007
itbadp,30,nearest,taxi,645
itbejs,30,linear,taxi,994
itbejs,30,nearest,taxi,480
itcemr,30,linear,taxi,969
itcemr,30,nearest,taxi,690
ithpet,30,linear,taxi,1007
ithpet,30,nearest,taxi,466
itmeps,30,linear,taxi,979
itmeps,30,nearest,taxi,461
itpivo,30,linear,taxi,1006
itpivo,30,nearest,taxi,707
itquir,30,linear,taxi,1007
itquir,30,nearest,taxi,646
ivheoo,30,linear,taxi,1007
ivheoo,30,nearest,taxi,739
ivkock,30,linear,taxi,1007
ivkock,30,nearest,taxi,679
izowcu,30,linear,taxi,993
izowcu,30,nearest,taxi,283
oadwow,30,linear,taxi,79
oadwow,30,nearest,taxi,68
oafhyn,30,linear,taxi,998
oafhyn,30,nearest,taxi,736
oahudf,30,linear,taxi,992
oahudf,30,nearest,taxi,696
oakpik,30,linear,taxi,994
oakpik,30,nearest,taxi,584
oapwyc,30,linear,taxi,1007
oapwyc,30,nearest,taxi,650
oasthu,30,linear,taxi,973
oasthu,30,nearest,taxi,404
obacva,30,linear,taxi,1007
obacva,30,nearest,taxi,628
obceoo,30,linear,taxi,1007
obceoo,30,nearest,taxi,679
obheuj,30,linear,taxi,1007
obheuj,30,nearest,taxi,731
objoyh,30,linear,taxi,15
objoyh,30,nearest,taxi,14
oblyag,30,linear,taxi,1007
oblyag,30,nearest,taxi,722
obsimj,30,linear,taxi,1007
obsimj,30,nearest,taxi,716
occeyd,30,linear,taxi,1007
occeyd,30,nearest,taxi,656
occrok,30,linear,taxi,1007
occrok,30,nearest,taxi,650
ochotc,30,linear,taxi,1007
ochotc,30,nearest,taxi,561
ochtin,30,linear,taxi,1007
ochtin,30,nearest,taxi,510
ocjeng,30,linear,taxi,1007
ocjeng,30,nearest,taxi,776
ockiho,30,linear,taxi,1007
ockiho,30,nearest,taxi,697
ockoac,30,linear,taxi,435
ockoac,30,nearest,taxi,254
ockolr,30,linear,taxi,831
ockolr,30,nearest,taxi,667
ocshit,30,linear,taxi,1007
ocshit,30,nearest,taxi,735
ocwyit,30,linear,taxi,1005
ocwyit,30,nearest,taxi,402
odklob,30,linear,taxi,1007
odklob,30,nearest,taxi,558
odlorh,30,linear,taxi,1007
odlorh,30,nearest,taxi,774
odocje,30,linear,taxi,1007
odocje,30,nearest,taxi,694
odolfe,30,linear,taxi,1007
odolfe,30,nearest,taxi,479
odoywu,30,linear,taxi,1007
odoywu,30,nearest,taxi,446
odscix,30,linear,taxi,1007
odscix,30,nearest,taxi,623
ofikco,30,linear,taxi,1007
ofikco,30,nearest,taxi,779
ofjeeq,30,linear,taxi,1007
ofjeeq,30,nearest,taxi,708
ofodwo,30,linear,taxi,1007
ofodwo,30,nearest,taxi,792
ogawje,30,linear,taxi,963
ogawje,30,nearest,taxi,608
ogdygd,30,linear,taxi,965
ogdygd,30,nearest,taxi,607
oggluv,30,linear,taxi,978
oggluv,30,nearest,taxi,460
ogijtr,30,linear,taxi,1007
ogijtr,30,nearest,taxi,713
ogikli,30,linear,taxi,1007
ogikli,30,nearest,taxi,612
ogjoch,30,linear,taxi,1007
ogjoch,30,nearest,taxi,722
ognoww,30,linear,taxi,1003
ognoww,30,nearest,taxi,632
ogofvo,30,linear,taxi,465
ogofvo,30,nearest,taxi,371
ogphag,30,linear,taxi,1007
ogphag,30,nearest,taxi,711
ogshtc,30,linear,taxi,1007
ogshtc,30,nearest,taxi,629
ogurju,30,linear,taxi,1007
ogurju,30,nearest,taxi,593
oiphye,30,linear,taxi,977
oiphye,30,nearest,taxi,577
oipial,30,linear,taxi,1006
oipial,30,nearest,taxi,716
oirzgo,30,linear,taxi,993
oirzgo,30,nearest,taxi,595
oivnab,30,linear,taxi,1005
oivnab,30,nearest,taxi,794
ojachm,30,linear,taxi,1007
ojachm,30,nearest,taxi,657
ojbaso,30,linear,taxi,1007
ojbaso,30,nearest,taxi,704
ojfann,30,linear,taxi,1007
ojfann,30,nearest,taxi,724
ojfequ,30,linear,taxi,1007
ojfequ,30,nearest,taxi,549
ojfiez,30,linear,taxi,990
ojfiez,30,nearest,taxi,516
ojpoot,30,linear,taxi,1008
ojpoot,30,nearest,taxi,698
ojroig,30,linear,taxi,1007
ojroig,30,nearest,taxi,803
ojumna,30,linear,taxi,994
ojumna,30,nearest,taxi,652
ojvigh,30,linear,taxi,1007
ojvigh,30,nearest,taxi,740
ojwyky,30,linear,taxi,991
ojwyky,30,nearest,taxi,787
okavka,30,linear,taxi,1007
okavka,30,nearest,taxi,737
okblah,30,linear,taxi,1007
okblah,30,nearest,taxi,772
okchym,30,linear,taxi,1007
okchym,30,nearest,taxi,528
okneyd,30,linear,taxi,606
okneyd,30,nearest,taxi,324
oknsco,30,linear,taxi,1007
oknsco,30,nearest,taxi,639
okquak,30,linear,taxi,1007
okquak,30,nearest,taxi,766
oksbos,30,linear,taxi,1007
oksbos,30,nearest,taxi,538
oktuls,30,linear,taxi,1007
oktuls,30,nearest,taxi,592
okvats,30,linear,taxi,1007
okvats,30,nearest,taxi,351
oljnek,30,linear,taxi,998
oljnek,30,nearest,taxi,790
omcuky,30,linear,taxi,990
omcuky,30,nearest,taxi,672
omdrid,30,linear,taxi,293
omdrid,30,nearest,taxi,237
omluaj,30,linear,taxi,1006
omluaj,30,nearest,taxi,707
omwyek,30,linear,taxi,1007
omwyek,30,nearest,taxi,657
onanns,30,linear,taxi,127
onanns,30,nearest,taxi,99
oncalk,30,linear,taxi,1007
oncalk,30,nearest,taxi,673
oncixp,30,linear,taxi,1006
oncixp,30,nearest,taxi,682
onghoj,30,linear,taxi,1007
onghoj,30,nearest,taxi,601
onkawc,30,linear,taxi,1007
onkawc,30,nearest,taxi,559
ononma,30,linear,taxi,1007
ononma,30,nearest,taxi,721
onvahe,30,linear,taxi,1007
onvahe,30,nearest,taxi,726
onwohy,30,linear,taxi,1007
onwohy,30,nearest,taxi,410
onyacj,30,linear,taxi,1007
onyacj,30,nearest,taxi,702
onyenr,30,linear,taxi,1007
onyenr,30,nearest,taxi,518
oocsod,30,linear,taxi,1007
oocsod,30,nearest,taxi,663
oogchy,30,linear,taxi,1007
oogchy,30,nearest,taxi,679
ootquo,30,linear,taxi,1007
ootquo,30,nearest,taxi,440
ootyec,30,linear,taxi,1007
ootyec,30,nearest,taxi,774
oowfmu,30,linear,taxi,89
oowfmu,30,nearest,taxi,39
opgove,30,linear,taxi,1007
opgove,30,nearest,taxi,569
ophgir,30,linear,taxi,991
ophgir,30,nearest,taxi,614
ophugb,30,linear,taxi,1007
ophugb,30,nearest,taxi,796
opjerm,30,linear,taxi,1007
opjerm,30,nearest,taxi,610
opmisa,30,linear,taxi,1007
opmisa,30,nearest,taxi,723
opnown,30,linear,taxi,1007
opnown,30,nearest,taxi,450
oquiat,30,linear,taxi,1007
oquiat,30,nearest,taxi,744
orkbat,30,linear,taxi,1007
orkbat,30,nearest,taxi,643
orocdu,30,linear,taxi,627
orocdu,30,nearest,taxi,409
orptme,30,linear,taxi,1007
orptme,30,nearest,taxi,735
orrrar,30,linear,taxi,1007
orrrar,30,nearest,taxi,684
orsyal,30,linear,taxi,1007
orsyal,30,nearest,taxi,652
osacmu,30,linear,taxi,374
osacmu,30,nearest,taxi,243
osckro,30,linear,taxi,1007
osckro,30,nearest,taxi,789
oshyon,30,linear,taxi,1007
oshyon,30,nearest,taxi,772
osocce,30,linear,taxi,1007
osocce,30,nearest,taxi,796
otasfi,30,linear,taxi,1007
otasfi,30,nearest,taxi,763
otfaho,30,linear,taxi,1006
otfaho,30,nearest,taxi,440
otmego,30,linear,taxi,991
otmego,30,nearest,taxi,204
otscok,30,linear,taxi,1007
otscok,30,nearest,taxi,807
otswra,30,linear,taxi,826
otswra,30,nearest,taxi,688
otvasd,30,linear,taxi,1007
otvasd,30,nearest,taxi,729
ouvdan,30,linear,taxi,992
ouvdan,30,nearest,taxi,596
ovkojy,30,linear,taxi,992
ovkojy,30,nearest,taxi,759
ovnacg,30,linear,taxi,1006
ovnacg,30,nearest,taxi,517
ovyijn,30,linear,taxi,1007
ovyijn,30,nearest,taxi,660
owbsus,30,linear,taxi,1007
owbsus,30,nearest,taxi,720
owgves,30,linear,taxi,1007
owgves,30,nearest,taxi,697
owhagm,30,linear,taxi,837
owhagm,30,nearest,taxi,348
owufre,30,linear,taxi,1006
owufre,30,nearest,taxi,418
oxdogh,30,linear,taxi,948
oxdogh,30,nearest,taxi,755
oyclsd,30,linear,taxi,1007
oyclsd,30,nearest,taxi,335
oydtes,30,linear,taxi,1007
oydtes,30,nearest,taxi,758
oygmeb,30,linear,taxi,1007
oygmeb,30,nearest,taxi,515
oygvar,30,linear,taxi,991
oygvar,30,nearest,taxi,337
ubgiho,30,linear,taxi,1007
ubgiho,30,nearest,taxi,612
ubjajo,30,linear,taxi,1007
ubjajo,30,nearest,taxi,738
ubjaju,30,linear,taxi,991
ubjaju,30,nearest,taxi,635
ubnank,30,linear,taxi,1007
ubnank,30,nearest,taxi,653
ubzach,30,linear,taxi,861
ubzach,30,nearest,taxi,559
ucbiya,30,linear,taxi,1007
ucbiya,30,nearest,taxi,757
ucdewy,30,linear,taxi,629
ucdewy,30,nearest,taxi,215
ucgewf,30,linear,taxi,1007
ucgewf,30,nearest,taxi,772
uchjaf,30,linear,taxi,1006
uchjaf,30,nearest,taxi,707
ucovla,30,linear,taxi,1007
ucovla,30,nearest,taxi,683
ucvepn,30,linear,taxi,986
ucvepn,30,nearest,taxi,663
udguic,30,linear,taxi,1006
udguic,30,nearest,taxi,655
udthon,30,linear,taxi,994
udthon,30,nearest,taxi,623
udtiog,30,linear,taxi,1007
udtiog,30,nearest,taxi,723
udveoy,30,linear,taxi,1006
udveoy,30,nearest,taxi,720
udwadl,30,linear,taxi,1007
udwadl,30,nearest,taxi,464
udwebi,30,linear,taxi,935
udwebi,30,nearest,taxi,283
udwiul,30,linear,taxi,1007
udwiul,30,nearest,taxi,721
ufdoyn,30,linear,taxi,1007
ufdoyn,30,nearest,taxi,626
ugatna,30,linear,taxi,1007
ugatna,30,nearest,taxi,832
ugdifb,30,linear,taxi,984
ugdifb,30,nearest,taxi,511
uggdye,30,linear,taxi,1007
uggdye,30,nearest,taxi,718
ugifma,30,linear,taxi,1007
ugifma,30,nearest,taxi,645
ugthfu,30,linear,taxi,990
ugthfu,30,nearest,taxi,532
ujhuki,30,linear,taxi,1007
ujhuki,30,nearest,taxi,622
ujkiwe,30,linear,taxi,999
ujkiwe,30,nearest,taxi,646
ujnaww,30,linear,taxi,1007
ujnaww,30,nearest,taxi,633
ujtosh,30,linear,taxi,690
ujtosh,30,nearest,taxi,452
ujtrud,30,linear,taxi,1007
ujtrud,30,nearest,taxi,745
ukgoaf,30,linear,taxi,1006
ukgoaf,30,nearest,taxi,736
uklsdr,30,linear,taxi,1007
uklsdr,30,nearest,taxi,739
uljior,30,linear,taxi,1007
uljior,30,nearest,taxi,477
umhenw,30,linear,taxi,1007
umhenw,30,nearest,taxi,512
umsmth,30,linear,taxi,1007
umsmth,30,nearest,taxi,731
umvohu,30,linear,taxi,1007
umvohu,30,nearest,taxi,719
unquek,30,linear,taxi,1007
unquek,30,nearest,taxi,653
unwrai,30,linear,taxi,254
unwrai,30,nearest,taxi,141
upchim,30,linear,taxi,1007
upchim,30,nearest,taxi,737
upsjav,30,linear,taxi,1007
upsjav,30,nearest,taxi,755
upthin,30,linear,taxi,1001
upthin,30,nearest,taxi,208
urfhod,30,linear,taxi,931
urfhod,30,nearest,taxi,720
usadri,30,linear,taxi,1005
usadri,30,nearest,taxi,439
usbekh,30,linear,taxi,1007
usbekh,30,nearest,taxi,743
ushfeo,30,linear,taxi,1007
ushfeo,30,nearest,taxi,672
uthiss,30,linear,taxi,1004
uthiss,30,nearest,taxi,515
uthomo,30,linear,taxi,1007
uthomo,30,nearest,taxi,683
uthsyi,30,linear,taxi,977
uthsyi,30,nearest,taxi,361
utjanr,30,linear,taxi,1007
utjanr,30,nearest,taxi,707
utkibe,30,linear,taxi,1006
utkibe,30,nearest,taxi,476
utlurv,30,linear,taxi,1007
utlurv,30,nearest,taxi,725
utthwa,30,linear,taxi,348
utthwa,30,nearest,taxi,157
uttorh,30,linear,taxi,901
uttorh,30,nearest,taxi,520
utvoho,30,linear,taxi,1007
utvoho,30,nearest,taxi,664
utwoab,30,linear,taxi,1007
utwoab,30,nearest,taxi,741
uvburk,30,linear,taxi,1007
uvburk,30,nearest,taxi,311
uvigch,30,linear,taxi,1007
uvigch,30,nearest,taxi,727
uvjeah,30,linear,taxi,1007
uvjeah,30,nearest,taxi,630
uvjova,30,linear,taxi,1007
uvjova,30,nearest,taxi,486
uvreoi,30,linear,taxi,1007
uvreoi,30,nearest,taxi,590
