run_subdir,scenario_subdir,sample_interval_min,interpolation_method,tolerance_km,method,codebook_size,num_points,predictability,entropy_rate_bits,reconstruction_rmse_km,actual_distortion_km,num_users,scenario_label,experiment_label
sf_run_1980198_task_0,tol_2p5km_int_5min,5,linear,2.5,direct_ctw,,3024178.0,0.863153851510806,1.4591851021873754,1.0328124276149757,0.9687215957468913,533,"5 min
2.5 km","5 min
2.5 km
linear"
sf_run_1980198_task_0,tol_2p5km_int_5min,5,linear,2.5,markov_order_1,,3024178.0,0.8159289478211793,1.8791368339187446,1.0328124276149757,0.9687215957468913,533,"5 min
2.5 km","5 min
2.5 km
linear"
sf_run_1980198_task_0,tol_2p5km_int_5min,5,linear,2.5,markov_order_2,,3024178.0,0.7712866053900996,2.2547399399071852,1.0328124276149757,0.9687215957468913,533,"5 min
2.5 km","5 min
2.5 km
linear"
sf_run_1980198_task_0,tol_2p5km_int_5min,5,linear,2.5,vq_ctw,256.0,3024178.0,0.9112020308609113,0.8839791546326143,2.222318256207684,2.222318256207684,533,"5 min
2.5 km","5 min
2.5 km
linear"
sf_run_1980198_task_0,tol_2p5km_int_5min,5,linear,2.5,vq_ctw,512.0,3024178.0,0.8639229550813183,1.2606253106444139,2.207075552022086,2.207075552022086,533,"5 min
2.5 km","5 min
2.5 km
linear"
sf_run_1980198_task_0,tol_2p5km_int_5min,5,linear,2.5,vq_ctw,1024.0,3024178.0,0.9283706445269005,0.6788289842584361,2.1795275831598286,2.1795275831598286,533,"5 min
2.5 km","5 min
2.5 km
linear"
sf_run_1980198_task_0,tol_2p5km_int_5min,5,nearest,2.5,direct_ctw,,1413.0,0.8452971012622309,0.9854034028605287,1.0588199214309844,1.000282601206279,38,"5 min
2.5 km","5 min
2.5 km
nearest"
sf_run_1980198_task_0,tol_2p5km_int_5min,5,nearest,2.5,markov_order_1,,1413.0,0.6313860074810468,1.8398147141941767,1.0588199214309844,1.000282601206279,38,"5 min
2.5 km","5 min
2.5 km
nearest"
sf_run_1980198_task_0,tol_2p5km_int_5min,5,nearest,2.5,markov_order_2,,1413.0,0.619321969811011,1.8833637771087588,1.0588199214309844,1.000282601206279,38,"5 min
2.5 km","5 min
2.5 km
nearest"
sf_run_1980198_task_0,tol_2p5km_int_5min,5,nearest,2.5,vq_ctw,256.0,1413.0,0.868581290469528,0.9148649082675496,4.515126363037117,4.515126363037117,38,"5 min
2.5 km","5 min
2.5 km
nearest"
sf_run_1980198_task_0,tol_2p5km_int_5min,5,nearest,2.5,vq_ctw,512.0,1413.0,0.8702022626371998,0.9389078241668708,3.057393768717588,3.057393768717588,38,"5 min
2.5 km","5 min
2.5 km
nearest"
sf_run_1980198_task_0,tol_2p5km_int_5min,5,nearest,2.5,vq_ctw,1024.0,1413.0,0.8734952757510728,0.9216671999403414,3.209346956700104,3.209346956700104,38,"5 min
2.5 km","5 min
2.5 km
nearest"
sf_run_1980198_task_3,tol_5km_int_5min,5,nearest,5.0,direct_ctw,,48768.0,0.9389050365335398,0.5127290888089777,1.7511828684890423,1.5801285825740523,486,"5 min
5 km","5 min
5 km
nearest"
sf_run_1980198_task_3,tol_5km_int_5min,5,nearest,5.0,markov_order_1,,48768.0,0.8982492641022616,0.6974145629532956,1.7511828684890423,1.5801285825740523,486,"5 min
5 km","5 min
5 km
nearest"
sf_run_1980198_task_3,tol_5km_int_5min,5,nearest,5.0,markov_order_2,,48768.0,0.8948663298806341,0.7024305373464508,1.7511828684890423,1.5801285825740523,486,"5 min
5 km","5 min
5 km
nearest"
sf_run_1980198_task_3,tol_5km_int_5min,5,nearest,5.0,vq_ctw,256.0,48768.0,1.0,0.0,4.499732103044045,4.499732103044045,486,"5 min
5 km","5 min
5 km
nearest"
sf_run_1980198_task_3,tol_5km_int_5min,5,nearest,5.0,vq_ctw,512.0,48768.0,0.999674702811005,0.008304199492001126,4.547309383724145,4.547309383724145,486,"5 min
5 km","5 min
5 km
nearest"
sf_run_1980198_task_3,tol_5km_int_5min,5,nearest,5.0,vq_ctw,1024.0,48768.0,0.9896119868034262,0.31203809104049285,4.43573250530717,4.43573250530717,486,"5 min
5 km","5 min
5 km
nearest"
sf_run_1980198_task_6,tol_7p5km_int_5min,5,nearest,7.5,direct_ctw,,48768.0,0.9976703472625824,0.08812280678763187,2.1886859920546526,2.048634081198031,486,"5 min
7.5 km","5 min
7.5 km
nearest"
sf_run_1980198_task_6,tol_7p5km_int_5min,5,nearest,7.5,markov_order_1,,48768.0,0.9963603511927911,0.10299936352400291,2.1886859920546526,2.048634081198031,486,"5 min
7.5 km","5 min
7.5 km
nearest"
sf_run_1980198_task_6,tol_7p5km_int_5min,5,nearest,7.5,markov_order_2,,48768.0,0.9961828289659295,0.10373247299086119,2.1886859920546526,2.048634081198031,486,"5 min
7.5 km","5 min
7.5 km
nearest"
sf_run_1980198_task_6,tol_7p5km_int_5min,5,nearest,7.5,vq_ctw,256.0,48768.0,1.0,0.0,5.803796876020238,5.803796876020238,486,"5 min
7.5 km","5 min
7.5 km
nearest"
sf_run_1980198_task_6,tol_7p5km_int_5min,5,nearest,7.5,vq_ctw,512.0,48768.0,1.0,0.0,6.641547846483791,6.641547846483791,486,"5 min
7.5 km","5 min
7.5 km
nearest"
sf_run_1980198_task_6,tol_7p5km_int_5min,5,nearest,7.5,vq_ctw,1024.0,48768.0,1.0,0.0,6.882688024558813,6.882688024558813,486,"5 min
7.5 km","5 min
7.5 km
nearest"
sf_run_1980198_task_9,tol_10km_int_5min,5,nearest,10.0,direct_ctw,,48768.0,0.9399242152096108,0.5090330993159654,4.533848470055166,4.434474992939048,486,"5 min
10 km","5 min
10 km
nearest"
sf_run_1980198_task_9,tol_10km_int_5min,5,nearest,10.0,markov_order_1,,48768.0,0.9015480795543367,0.6850591614695335,4.533848470055166,4.434474992939048,486,"5 min
10 km","5 min
10 km
nearest"
sf_run_1980198_task_9,tol_10km_int_5min,5,nearest,10.0,markov_order_2,,48768.0,0.8983534772555416,0.6895910213067018,4.533848470055166,4.434474992939048,486,"5 min
10 km","5 min
10 km
nearest"
sf_run_1980198_task_9,tol_10km_int_5min,5,nearest,10.0,vq_ctw,256.0,48768.0,1.0,0.0,8.126322456799894,8.126322456799894,486,"5 min
10 km","5 min
10 km
nearest"
sf_run_1980198_task_9,tol_10km_int_5min,5,nearest,10.0,vq_ctw,512.0,48768.0,1.0,0.0,9.156565937455602,9.156565937455602,486,"5 min
10 km","5 min
10 km
nearest"
sf_run_1980198_task_9,tol_10km_int_5min,5,nearest,10.0,vq_ctw,1024.0,48768.0,1.0,0.0,8.715145620115246,8.715145620115246,486,"5 min
10 km","5 min
10 km
nearest"
sf_run_1980198_task_1,tol_2p5km_int_15min,15,linear,2.5,direct_ctw,,1007860.0,0.8273372956688559,1.7055037059641525,1.0326206466451733,0.9685317413641574,531,"15 min
2.5 km","15 min
2.5 km
linear"
sf_run_1980198_task_1,tol_2p5km_int_15min,15,linear,2.5,markov_order_1,,1007860.0,0.6689383898982385,2.9182229680598204,1.0326206466451733,0.9685317413641574,531,"15 min
2.5 km","15 min
2.5 km
linear"
sf_run_1980198_task_1,tol_2p5km_int_15min,15,linear,2.5,markov_order_2,,1007860.0,0.6004501487251436,3.3859617793084142,1.0326206466451733,0.9685317413641574,531,"15 min
2.5 km","15 min
2.5 km
linear"
sf_run_1980198_task_1,tol_2p5km_int_15min,15,linear,2.5,vq_ctw,256.0,1007860.0,0.810499016124838,1.8206206435922172,2.6937097178210365,2.6937097178210365,531,"15 min
2.5 km","15 min
2.5 km
linear"
sf_run_1980198_task_1,tol_2p5km_int_15min,15,linear,2.5,vq_ctw,512.0,1007860.0,0.8558803576126744,1.2578364294140634,2.166331648123428,2.166331648123428,531,"15 min
2.5 km","15 min
2.5 km
linear"
sf_run_1980198_task_1,tol_2p5km_int_15min,15,linear,2.5,vq_ctw,1024.0,1007860.0,0.8365077932447191,1.3779269551671078,2.499195903809922,2.499195903809922,531,"15 min
2.5 km","15 min
2.5 km
linear"
sf_run_1980198_task_1,tol_2p5km_int_15min,15,nearest,2.5,direct_ctw,,88930.0,0.8519233881189846,1.0862018191934615,1.041357756584301,0.9765257619472749,465,"15 min
2.5 km","15 min
2.5 km
nearest"
sf_run_1980198_task_1,tol_2p5km_int_15min,15,nearest,2.5,markov_order_1,,88930.0,0.5082863237631289,2.6111349959914496,1.041357756584301,0.9765257619472749,465,"15 min
2.5 km","15 min
2.5 km
nearest"
sf_run_1980198_task_1,tol_2p5km_int_15min,15,nearest,2.5,markov_order_2,,88930.0,0.5250970447382155,2.5577165539993834,1.041357756584301,0.9765257619472749,465,"15 min
2.5 km","15 min
2.5 km
nearest"
sf_run_1980198_task_1,tol_2p5km_int_15min,15,nearest,2.5,vq_ctw,256.0,88930.0,0.8649212687263577,1.0277378572588878,2.3773731712708166,2.3773731712708166,465,"15 min
2.5 km","15 min
2.5 km
nearest"
sf_run_1980198_task_1,tol_2p5km_int_15min,15,nearest,2.5,vq_ctw,512.0,88930.0,0.865821722128037,1.0052482215313527,2.4312112157768304,2.4312112157768304,465,"15 min
2.5 km","15 min
2.5 km
nearest"
sf_run_1980198_task_1,tol_2p5km_int_15min,15,nearest,2.5,vq_ctw,1024.0,88930.0,0.864020899704908,1.01497204700355,2.3949755108161574,2.3949755108161574,465,"15 min
2.5 km","15 min
2.5 km
nearest"
sf_run_1980198_task_4,tol_5km_int_15min,15,linear,5.0,direct_ctw,,1007860.0,0.8777041873526822,1.1313994458149195,1.8019028636133319,1.6401038707318103,531,"15 min
5 km","15 min
5 km
linear"
sf_run_1980198_task_4,tol_5km_int_15min,15,linear,5.0,markov_order_1,,1007860.0,0.8251212598636396,1.5229005450640332,1.8019028636133319,1.6401038707318103,531,"15 min
5 km","15 min
5 km
linear"
sf_run_1980198_task_4,tol_5km_int_15min,15,linear,5.0,markov_order_2,,1007860.0,0.8033717638195219,1.6764531012167019,1.8019028636133319,1.6401038707318103,531,"15 min
5 km","15 min
5 km
linear"
sf_run_1980198_task_4,tol_5km_int_15min,15,linear,5.0,vq_ctw,256.0,1007860.0,0.9941255899074668,0.06420310164039622,4.694090858655134,4.694090858655134,531,"15 min
5 km","15 min
5 km
linear"
sf_run_1980198_task_4,tol_5km_int_15min,15,linear,5.0,vq_ctw,512.0,1007860.0,0.9821170897750751,0.1744897873116615,4.498696466392354,4.498696466392354,531,"15 min
5 km","15 min
5 km
linear"
sf_run_1980198_task_4,tol_5km_int_15min,15,linear,5.0,vq_ctw,1024.0,1007860.0,0.9941162095519379,0.06130496159660795,4.785004375455638,4.785004375455638,531,"15 min
5 km","15 min
5 km
linear"
sf_run_1980198_task_4,tol_5km_int_15min,15,nearest,5.0,direct_ctw,,88930.0,0.8382683710342502,0.9557902434886797,1.8072287314460391,1.6258184254793913,465,"15 min
5 km","15 min
5 km
nearest"
sf_run_1980198_task_4,tol_5km_int_15min,15,nearest,5.0,markov_order_1,,88930.0,0.7037517220884479,1.4708644881760335,1.8072287314460391,1.6258184254793913,465,"15 min
5 km","15 min
5 km
nearest"
sf_run_1980198_task_4,tol_5km_int_15min,15,nearest,5.0,markov_order_2,,88930.0,0.7035011738819896,1.4746815967932272,1.8072287314460391,1.6258184254793913,465,"15 min
5 km","15 min
5 km
nearest"
sf_run_1980198_task_4,tol_5km_int_15min,15,nearest,5.0,vq_ctw,256.0,88930.0,0.9810442553177924,0.20837777749751232,4.296847467214281,4.296847467214281,465,"15 min
5 km","15 min
5 km
nearest"
sf_run_1980198_task_4,tol_5km_int_15min,15,nearest,5.0,vq_ctw,512.0,88930.0,0.9975417174115369,0.07397460814227681,4.3512524544368425,4.3512524544368425,465,"15 min
5 km","15 min
5 km
nearest"
sf_run_1980198_task_4,tol_5km_int_15min,15,nearest,5.0,vq_ctw,1024.0,88930.0,0.9940471720286248,0.06893147183885401,4.465629398563786,4.465629398563786,465,"15 min
5 km","15 min
5 km
nearest"
sf_run_1980198_task_7,tol_7p5km_int_15min,15,linear,7.5,direct_ctw,,1007860.0,0.9367119897297138,0.6030535179229296,2.439983158162476,2.241468153135537,531,"15 min
7.5 km","15 min
7.5 km
linear"
sf_run_1980198_task_7,tol_7p5km_int_15min,15,linear,7.5,markov_order_1,,1007860.0,0.9161623624828308,0.764066898048659,2.439983158162476,2.241468153135537,531,"15 min
7.5 km","15 min
7.5 km
linear"
sf_run_1980198_task_7,tol_7p5km_int_15min,15,linear,7.5,markov_order_2,,1007860.0,0.9083468695831269,0.8235136935986541,2.439983158162476,2.241468153135537,531,"15 min
7.5 km","15 min
7.5 km
linear"
sf_run_1980198_task_7,tol_7p5km_int_15min,15,linear,7.5,vq_ctw,256.0,1007860.0,1.0,0.0,6.409732390289023,6.409732390289023,531,"15 min
7.5 km","15 min
7.5 km
linear"
sf_run_1980198_task_7,tol_7p5km_int_15min,15,linear,7.5,vq_ctw,512.0,1007860.0,1.0,0.0,6.262330791731054,6.262330791731054,531,"15 min
7.5 km","15 min
7.5 km
linear"
sf_run_1980198_task_7,tol_7p5km_int_15min,15,linear,7.5,vq_ctw,1024.0,1007860.0,1.0,0.0,6.239986763664645,6.239986763664645,531,"15 min
7.5 km","15 min
7.5 km
linear"
sf_run_1980198_task_7,tol_7p5km_int_15min,15,nearest,7.5,direct_ctw,,88930.0,0.9421424910181392,0.4304153585593479,2.3969933264782335,2.2237627841299235,465,"15 min
7.5 km","15 min
7.5 km
nearest"
sf_run_1980198_task_7,tol_7p5km_int_15min,15,nearest,7.5,markov_order_1,,88930.0,0.9125594451942323,0.5725456403582321,2.3969933264782335,2.2237627841299235,465,"15 min
7.5 km","15 min
7.5 km
nearest"
sf_run_1980198_task_7,tol_7p5km_int_15min,15,nearest,7.5,markov_order_2,,88930.0,0.9062382260339789,0.5995818431396706,2.3969933264782335,2.2237627841299235,465,"15 min
7.5 km","15 min
7.5 km
nearest"
sf_run_1980198_task_7,tol_7p5km_int_15min,15,nearest,7.5,vq_ctw,256.0,88930.0,1.0,0.0,6.340112290048994,6.340112290048994,465,"15 min
7.5 km","15 min
7.5 km
nearest"
sf_run_1980198_task_7,tol_7p5km_int_15min,15,nearest,7.5,vq_ctw,512.0,88930.0,1.0,0.0,6.324302333637067,6.324302333637067,465,"15 min
7.5 km","15 min
7.5 km
nearest"
sf_run_1980198_task_7,tol_7p5km_int_15min,15,nearest,7.5,vq_ctw,1024.0,88930.0,0.9999797936765756,0.0005394850903462564,6.722820021314931,6.722820021314931,465,"15 min
7.5 km","15 min
7.5 km
nearest"
sf_run_1980198_task_10,tol_10km_int_15min,15,linear,10.0,direct_ctw,,1007860.0,0.8706949600747369,1.0169052612037293,4.49334144331094,4.333951463679988,531,"15 min
10 km","15 min
10 km
linear"
sf_run_1980198_task_10,tol_10km_int_15min,15,linear,10.0,markov_order_1,,1007860.0,0.8450321895818074,1.1769391219625007,4.49334144331094,4.333951463679988,531,"15 min
10 km","15 min
10 km
linear"
sf_run_1980198_task_10,tol_10km_int_15min,15,linear,10.0,markov_order_2,,1007860.0,0.8391385019430208,1.2134791879939415,4.49334144331094,4.333951463679988,531,"15 min
10 km","15 min
10 km
linear"
sf_run_1980198_task_10,tol_10km_int_15min,15,linear,10.0,vq_ctw,256.0,1007860.0,1.0,0.0,6.826988600311193,6.826988600311193,531,"15 min
10 km","15 min
10 km
linear"
sf_run_1980198_task_10,tol_10km_int_15min,15,linear,10.0,vq_ctw,512.0,1007860.0,1.0,0.0,6.791299497047136,6.791299497047136,531,"15 min
10 km","15 min
10 km
linear"
sf_run_1980198_task_10,tol_10km_int_15min,15,linear,10.0,vq_ctw,1024.0,1007860.0,1.0,0.0,6.292741929042936,6.292741929042936,531,"15 min
10 km","15 min
10 km
linear"
sf_run_1980198_task_10,tol_10km_int_15min,15,nearest,10.0,direct_ctw,,88930.0,0.8294428644077887,0.9528356896008107,4.494710948525671,4.351566293469503,465,"15 min
10 km","15 min
10 km
nearest"
sf_run_1980198_task_10,tol_10km_int_15min,15,nearest,10.0,markov_order_1,,88930.0,0.708305237174664,1.382713114598146,4.494710948525671,4.351566293469503,465,"15 min
10 km","15 min
10 km
nearest"
sf_run_1980198_task_10,tol_10km_int_15min,15,nearest,10.0,markov_order_2,,88930.0,0.7159193431880223,1.3595396468299943,4.494710948525671,4.351566293469503,465,"15 min
10 km","15 min
10 km
nearest"
sf_run_1980198_task_10,tol_10km_int_15min,15,nearest,10.0,vq_ctw,256.0,88930.0,1.0,0.0,9.201402009821708,9.201402009821708,465,"15 min
10 km","15 min
10 km
nearest"
sf_run_1980198_task_10,tol_10km_int_15min,15,nearest,10.0,vq_ctw,512.0,88930.0,1.0,0.0,7.986098142800639,7.986098142800639,465,"15 min
10 km","15 min
10 km
nearest"
sf_run_1980198_task_10,tol_10km_int_15min,15,nearest,10.0,vq_ctw,1024.0,88930.0,1.0,0.0,8.629234792173616,8.629234792173616,465,"15 min
10 km","15 min
10 km
nearest"
sf_run_1980198_task_2,tol_2p5km_int_30min,30,linear,2.5,direct_ctw,,503760.0,0.8074832037913038,1.801009714047115,1.0329664330415935,0.968793493050357,531,"30 min
2.5 km","30 min
2.5 km
linear"
sf_run_1980198_task_2,tol_2p5km_int_30min,30,linear,2.5,markov_order_1,,503760.0,0.5770694746387504,3.3906006020263333,1.0329664330415935,0.968793493050357,531,"30 min
2.5 km","30 min
2.5 km
linear"
sf_run_1980198_task_2,tol_2p5km_int_30min,30,linear,2.5,markov_order_2,,503760.0,0.5087039747167373,3.794931259335182,1.0329664330415935,0.968793493050357,531,"30 min
2.5 km","30 min
2.5 km
linear"
sf_run_1980198_task_2,tol_2p5km_int_30min,30,linear,2.5,vq_ctw,256.0,503760.0,0.8035259710087289,1.820139946278624,2.17381281687432,2.17381281687432,531,"30 min
2.5 km","30 min
2.5 km
linear"
sf_run_1980198_task_2,tol_2p5km_int_30min,30,linear,2.5,vq_ctw,512.0,503760.0,0.8068798765123902,1.8148475889404132,2.2673214064775857,2.2673214064775857,531,"30 min
2.5 km","30 min
2.5 km
linear"
sf_run_1980198_task_2,tol_2p5km_int_30min,30,linear,2.5,vq_ctw,1024.0,503760.0,0.8285119752575998,1.4274064872952807,2.2667817658753413,2.2667817658753413,531,"30 min
2.5 km","30 min
2.5 km
linear"
sf_run_1980198_task_2,tol_2p5km_int_30min,30,nearest,2.5,direct_ctw,,61078.0,0.8571111035224479,1.0884054880848102,1.030943456171868,0.964563112310286,429,"30 min
2.5 km","30 min
2.5 km
nearest"
sf_run_1980198_task_2,tol_2p5km_int_30min,30,nearest,2.5,markov_order_1,,61078.0,0.47871001888884285,2.822131811328328,1.030943456171868,0.964563112310286,429,"30 min
2.5 km","30 min
2.5 km
nearest"
sf_run_1980198_task_2,tol_2p5km_int_30min,30,nearest,2.5,markov_order_2,,61078.0,0.502421718755022,2.7427712616511095,1.030943456171868,0.964563112310286,429,"30 min
2.5 km","30 min
2.5 km
nearest"
sf_run_1980198_task_2,tol_2p5km_int_30min,30,nearest,2.5,vq_ctw,256.0,61078.0,0.8711409926444331,1.0364422071444483,2.820426994058161,2.820426994058161,429,"30 min
2.5 km","30 min
2.5 km
nearest"
sf_run_1980198_task_2,tol_2p5km_int_30min,30,nearest,2.5,vq_ctw,512.0,61078.0,0.8702958775937213,1.0319623010846766,2.5863252909887255,2.5863252909887255,429,"30 min
2.5 km","30 min
2.5 km
nearest"
sf_run_1980198_task_2,tol_2p5km_int_30min,30,nearest,2.5,vq_ctw,1024.0,61078.0,0.863892913197149,1.0455770520505332,2.6314622209552607,2.6314622209552607,429,"30 min
2.5 km","30 min
2.5 km
nearest"
sf_run_1980198_task_5,tol_5km_int_30min,30,linear,5.0,direct_ctw,,503760.0,0.8424521663547219,1.34978091504963,1.801741737700979,1.6398532103030012,531,"30 min
5 km","30 min
5 km
linear"
sf_run_1980198_task_5,tol_5km_int_30min,30,linear,5.0,markov_order_1,,503760.0,0.758058136607704,1.909429185582402,1.801741737700979,1.6398532103030012,531,"30 min
5 km","30 min
5 km
linear"
sf_run_1980198_task_5,tol_5km_int_30min,30,linear,5.0,markov_order_2,,503760.0,0.7276681804792912,2.096603731698172,1.801741737700979,1.6398532103030012,531,"30 min
5 km","30 min
5 km
linear"
sf_run_1980198_task_5,tol_5km_int_30min,30,linear,5.0,vq_ctw,256.0,503760.0,0.9866154824147456,0.12583110516816745,4.708460180536412,4.708460180536412,531,"30 min
5 km","30 min
5 km
linear"
sf_run_1980198_task_5,tol_5km_int_30min,30,linear,5.0,vq_ctw,512.0,503760.0,0.9821526709873363,0.16437906063761157,4.752321951979707,4.752321951979707,531,"30 min
5 km","30 min
5 km
linear"
sf_run_1980198_task_5,tol_5km_int_30min,30,linear,5.0,vq_ctw,1024.0,503760.0,0.9836946433437284,0.1490562726321512,4.678248191846969,4.678248191846969,531,"30 min
5 km","30 min
5 km
linear"
sf_run_1980198_task_5,tol_5km_int_30min,30,nearest,5.0,direct_ctw,,61078.0,0.8333307659475215,1.0363090021161572,1.7745933082959746,1.5964698831491466,429,"30 min
5 km","30 min
5 km
nearest"
sf_run_1980198_task_5,tol_5km_int_30min,30,nearest,5.0,markov_order_1,,61078.0,0.6524715880034656,1.7490203557996578,1.7745933082959746,1.5964698831491466,429,"30 min
5 km","30 min
5 km
nearest"
sf_run_1980198_task_5,tol_5km_int_30min,30,nearest,5.0,markov_order_2,,61078.0,0.6533366785260443,1.7506130404450864,1.7745933082959746,1.5964698831491466,429,"30 min
5 km","30 min
5 km
nearest"
sf_run_1980198_task_5,tol_5km_int_30min,30,nearest,5.0,vq_ctw,256.0,61078.0,0.8657667720016758,0.9637094861350339,4.607072607442767,4.607072607442767,429,"30 min
5 km","30 min
5 km
nearest"
sf_run_1980198_task_5,tol_5km_int_30min,30,nearest,5.0,vq_ctw,512.0,61078.0,0.8734200455145897,0.9206248476311925,4.560378080740867,4.560378080740867,429,"30 min
5 km","30 min
5 km
nearest"
sf_run_1980198_task_5,tol_5km_int_30min,30,nearest,5.0,vq_ctw,1024.0,61078.0,0.8671678774151403,1.0110634505559348,4.7053366472284495,4.7053366472284495,429,"30 min
5 km","30 min
5 km
nearest"
sf_run_1980198_task_8,tol_7p5km_int_30min,30,linear,7.5,direct_ctw,,503760.0,0.9101611061799096,0.788556857344552,2.440231167529184,2.2415442911103503,531,"30 min
7.5 km","30 min
7.5 km
linear"
sf_run_1980198_task_8,tol_7p5km_int_30min,30,linear,7.5,markov_order_1,,503760.0,0.877531360338914,1.0177315228898713,2.440231167529184,2.2415442911103503,531,"30 min
7.5 km","30 min
7.5 km
linear"
sf_run_1980198_task_8,tol_7p5km_int_30min,30,linear,7.5,markov_order_2,,503760.0,0.8644226494975151,1.1060436113071501,2.440231167529184,2.2415442911103503,531,"30 min
7.5 km","30 min
7.5 km
linear"
sf_run_1980198_task_8,tol_7p5km_int_30min,30,linear,7.5,vq_ctw,256.0,503760.0,1.0,0.0,6.318021310697977,6.318021310697977,531,"30 min
7.5 km","30 min
7.5 km
linear"
sf_run_1980198_task_8,tol_7p5km_int_30min,30,linear,7.5,vq_ctw,512.0,503760.0,0.9999999999999923,5.620659420413185e-05,6.315152561080791,6.315152561080791,531,"30 min
7.5 km","30 min
7.5 km
linear"
sf_run_1980198_task_8,tol_7p5km_int_30min,30,linear,7.5,vq_ctw,1024.0,503760.0,1.0,0.0,6.245695368054125,6.245695368054125,531,"30 min
7.5 km","30 min
7.5 km
linear"
sf_run_1980198_task_8,tol_7p5km_int_30min,30,nearest,7.5,direct_ctw,,61078.0,0.9074932906885672,0.6047685031609484,2.493277168304076,2.3065720901533684,429,"30 min
7.5 km","30 min
7.5 km
nearest"
sf_run_1980198_task_8,tol_7p5km_int_30min,30,nearest,7.5,markov_order_1,,61078.0,0.852322009820773,0.8507381491694449,2.493277168304076,2.3065720901533684,429,"30 min
7.5 km","30 min
7.5 km
nearest"
sf_run_1980198_task_8,tol_7p5km_int_30min,30,nearest,7.5,markov_order_2,,61078.0,0.8411349226188626,0.8967011287984898,2.493277168304076,2.3065720901533684,429,"30 min
7.5 km","30 min
7.5 km
nearest"
sf_run_1980198_task_8,tol_7p5km_int_30min,30,nearest,7.5,vq_ctw,256.0,61078.0,0.9011691538753854,0.5544724923297826,6.768593776253357,6.768593776253357,429,"30 min
7.5 km","30 min
7.5 km
nearest"
sf_run_1980198_task_8,tol_7p5km_int_30min,30,nearest,7.5,vq_ctw,512.0,61078.0,0.9893974073620349,0.2677852182936967,6.356662269615248,6.356662269615248,429,"30 min
7.5 km","30 min
7.5 km
nearest"
sf_run_1980198_task_8,tol_7p5km_int_30min,30,nearest,7.5,vq_ctw,1024.0,61078.0,0.9936280299890394,0.08802552469251222,6.013498071693609,6.013498071693609,429,"30 min
7.5 km","30 min
7.5 km
nearest"
sf_run_1980198_task_11,tol_10km_int_30min,30,linear,10.0,direct_ctw,,503760.0,0.8271555368880413,1.2515318635671497,4.493526902561189,4.334184254643692,531,"30 min
10 km","30 min
10 km
linear"
sf_run_1980198_task_11,tol_10km_int_30min,30,linear,10.0,markov_order_1,,503760.0,0.7790646863820818,1.5154471406871577,4.493526902561189,4.334184254643692,531,"30 min
10 km","30 min
10 km
linear"
sf_run_1980198_task_11,tol_10km_int_30min,30,linear,10.0,markov_order_2,,503760.0,0.7700604396924198,1.5642004471242024,4.493526902561189,4.334184254643692,531,"30 min
10 km","30 min
10 km
linear"
sf_run_1980198_task_11,tol_10km_int_30min,30,linear,10.0,vq_ctw,256.0,503760.0,1.0,0.0,7.125821820603874,7.125821820603874,531,"30 min
10 km","30 min
10 km
linear"
sf_run_1980198_task_11,tol_10km_int_30min,30,linear,10.0,vq_ctw,512.0,503760.0,1.0,0.0,6.975312881723967,6.975312881723967,531,"30 min
10 km","30 min
10 km
linear"
sf_run_1980198_task_11,tol_10km_int_30min,30,linear,10.0,vq_ctw,1024.0,503760.0,1.0,0.0,6.861904882198276,6.861904882198276,531,"30 min
10 km","30 min
10 km
linear"
sf_run_1980198_task_11,tol_10km_int_30min,30,nearest,10.0,direct_ctw,,61078.0,0.8207821101703413,1.034547716546364,4.381274045534755,4.2238015219450205,429,"30 min
10 km","30 min
10 km
nearest"
sf_run_1980198_task_11,tol_10km_int_30min,30,nearest,10.0,markov_order_1,,61078.0,0.65805035982906,1.6134736391834612,4.381274045534755,4.2238015219450205,429,"30 min
10 km","30 min
10 km
nearest"
sf_run_1980198_task_11,tol_10km_int_30min,30,nearest,10.0,markov_order_2,,61078.0,0.6721002193509479,1.5739626054195774,4.381274045534755,4.2238015219450205,429,"30 min
10 km","30 min
10 km
nearest"
sf_run_1980198_task_11,tol_10km_int_30min,30,nearest,10.0,vq_ctw,256.0,61078.0,0.9999854507350185,0.002019559351498697,8.374712785148906,8.374712785148906,429,"30 min
10 km","30 min
10 km
nearest"
sf_run_1980198_task_11,tol_10km_int_30min,30,nearest,10.0,vq_ctw,512.0,61078.0,1.0,0.0,8.41372565068334,8.41372565068334,429,"30 min
10 km","30 min
10 km
nearest"
sf_run_1980198_task_11,tol_10km_int_30min,30,nearest,10.0,vq_ctw,1024.0,61078.0,1.0,0.0,7.801788310180946,7.801788310180946,429,"30 min
10 km","30 min
10 km
nearest"
